"","tau1:2.84196450909746","tau1:7.51578201901292","tau2:2.68656603347953","tau2:7.51093594445442","tau3:2.8146103926804","tau3:7.65791911912339","tau4:2.93371313349736","tau4:7.54386794352382","p2:-0.876882681465199","p2:-1.618981619095","p3:-0.879992563848432","p3:-1.6325935929164","p4:-0.859949747685817","p4:-1.6140896202112","g1:0.294675126926322","g1:0.76767253891648","g2:0.28415953462962","g2:0.754028785903613","g3:0.289488062495639","g3:0.761324043432579","g4:0.283975839697261","g4:0.775139126618184","stab:-0.0155164248159185","stab:0.0465185202530557"
"1",1,0,1,0,0,1,0,1,1,0,0,1,0,1,0,1,0,1,0,1,0,1,0,1
"2",0,1,1,0,1,0,1,0,0,1,0,1,0,1,1,0,0,1,0,1,0,1,1,0
"3",0,1,0,1,1,0,1,0,1,0,0,1,1,0,1,0,0,1,0,1,1,0,1,0
"4",1,0,0,1,1,0,1,0,1,0,0,1,1,0,1,0,0,1,0,1,1,0,0,1
"5",1,0,0,1,1,0,0,1,1,0,0,1,1,0,0,1,1,0,0,1,0,1,0,1
"6",0,1,0,1,1,0,1,0,0,1,1,0,0,1,1,0,1,0,0,1,1,0,1,0
"7",0,1,1,0,0,1,0,1,1,0,1,0,1,0,1,0,1,0,1,0,1,0,1,0
"8",0,1,1,0,0,1,0,1,1,0,1,0,0,1,1,0,0,1,0,1,1,0,0,1
"9",1,0,1,0,1,0,1,0,0,1,1,0,0,1,1,0,1,0,1,0,1,0,1,0
"10",0,1,1,0,0,1,0,1,0,1,1,0,0,1,1,0,0,1,0,1,1,0,1,0
"11",0,1,0,1,0,1,1,0,1,0,1,0,1,0,1,0,0,1,1,0,0,1,1,0
"12",0,1,0,1,0,1,0,1,0,1,0,1,0,1,1,0,1,0,1,0,0,1,0,1
"13",1,0,1,0,1,0,1,0,0,1,0,1,1,0,0,1,0,1,1,0,1,0,1,0
"14",0,1,0,1,1,0,0,1,0,1,1,0,0,1,0,1,1,0,1,0,1,0,0,1
"15",1,0,1,0,0,1,0,1,0,1,0,1,0,1,1,0,0,1,0,1,0,1,1,0
"16",0,1,1,0,1,0,0,1,1,0,0,1,1,0,0,1,0,1,1,0,0,1,0,1
"17",1,0,0,1,0,1,0,1,0,1,0,1,0,1,1,0,1,0,0,1,0,1,0,1
"18",1,0,1,0,1,0,0,1,0,1,0,1,1,0,0,1,0,1,0,1,0,1,1,0
"19",0,1,0,1,1,0,1,0,1,0,0,1,0,1,0,1,0,1,1,0,1,0,0,1
"20",1,0,0,1,0,1,0,1,0,1,0,1,0,1,0,1,0,1,1,0,0,1,0,1
"21",0,1,0,1,1,0,0,1,0,1,1,0,1,0,0,1,0,1,1,0,1,0,0,1
"22",0,1,0,1,1,0,1,0,0,1,0,1,1,0,1,0,0,1,1,0,1,0,1,0
"23",1,0,1,0,0,1,0,1,0,1,0,1,1,0,1,0,1,0,1,0,1,0,1,0
"24",0,1,0,1,0,1,1,0,1,0,1,0,0,1,1,0,1,0,0,1,1,0,1,0
"25",0,1,0,1,1,0,0,1,0,1,0,1,1,0,0,1,0,1,0,1,1,0,0,1
"26",0,1,1,0,1,0,1,0,0,1,0,1,1,0,1,0,1,0,1,0,1,0,1,0
"27",0,1,1,0,1,0,0,1,1,0,0,1,0,1,0,1,1,0,1,0,0,1,0,1
"28",1,0,0,1,0,1,1,0,1,0,1,0,1,0,1,0,1,0,1,0,0,1,1,0
"29",1,0,0,1,0,1,1,0,1,0,1,0,0,1,1,0,1,0,1,0,0,1,1,0
"30",0,1,1,0,0,1,0,1,1,0,0,1,1,0,1,0,0,1,1,0,1,0,1,0
"31",1,0,1,0,1,0,1,0,0,1,1,0,1,0,0,1,1,0,0,1,0,1,0,1
"32",1,0,1,0,1,0,0,1,0,1,0,1,0,1,1,0,1,0,1,0,0,1,1,0
"33",1,0,0,1,1,0,1,0,1,0,1,0,0,1,1,0,0,1,0,1,1,0,0,1
"34",0,1,1,0,0,1,1,0,1,0,0,1,0,1,0,1,0,1,0,1,0,1,0,1
"35",1,0,0,1,0,1,1,0,1,0,0,1,1,0,1,0,1,0,0,1,1,0,1,0
"36",0,1,0,1,1,0,1,0,1,0,1,0,1,0,0,1,0,1,0,1,1,0,0,1
"37",0,1,1,0,0,1,0,1,0,1,1,0,1,0,1,0,1,0,0,1,1,0,0,1
"38",0,1,1,0,1,0,0,1,0,1,1,0,1,0,1,0,0,1,1,0,0,1,0,1
"39",1,0,1,0,1,0,1,0,1,0,1,0,1,0,1,0,0,1,1,0,0,1,1,0
"40",1,0,0,1,1,0,0,1,0,1,0,1,1,0,0,1,0,1,1,0,1,0,1,0
"41",0,1,0,1,1,0,0,1,0,1,1,0,0,1,0,1,1,0,0,1,0,1,0,1
"42",1,0,0,1,0,1,0,1,0,1,1,0,1,0,1,0,1,0,0,1,0,1,0,1
"43",1,0,0,1,1,0,0,1,0,1,1,0,0,1,0,1,1,0,0,1,0,1,0,1
"44",1,0,0,1,1,0,1,0,1,0,1,0,1,0,0,1,0,1,1,0,0,1,0,1
"45",1,0,1,0,0,1,1,0,1,0,0,1,1,0,0,1,0,1,0,1,1,0,0,1
"46",0,1,0,1,1,0,1,0,1,0,0,1,1,0,0,1,1,0,1,0,1,0,1,0
"47",0,1,0,1,1,0,0,1,1,0,0,1,0,1,0,1,1,0,1,0,1,0,1,0
"48",1,0,1,0,0,1,1,0,0,1,1,0,0,1,0,1,0,1,0,1,1,0,0,1
"49",0,1,1,0,0,1,0,1,0,1,0,1,1,0,0,1,1,0,0,1,0,1,0,1
"50",0,1,1,0,0,1,0,1,1,0,0,1,1,0,0,1,0,1,1,0,1,0,1,0
"51",1,0,1,0,0,1,1,0,0,1,0,1,1,0,1,0,1,0,1,0,0,1,1,0
"52",0,1,0,1,0,1,0,1,0,1,1,0,0,1,0,1,0,1,0,1,0,1,0,1
"53",0,1,1,0,1,0,0,1,1,0,1,0,0,1,0,1,1,0,0,1,0,1,0,1
"54",1,0,0,1,0,1,1,0,0,1,1,0,0,1,0,1,0,1,0,1,1,0,0,1
"55",0,1,1,0,1,0,0,1,1,0,1,0,0,1,0,1,0,1,1,0,1,0,0,1
"56",1,0,0,1,1,0,0,1,0,1,1,0,0,1,1,0,1,0,0,1,0,1,0,1
"57",0,1,0,1,1,0,1,0,0,1,1,0,0,1,1,0,0,1,1,0,0,1,0,1
"58",1,0,1,0,0,1,1,0,0,1,1,0,0,1,1,0,0,1,0,1,1,0,1,0
"59",1,0,0,1,1,0,0,1,1,0,0,1,1,0,0,1,1,0,1,0,0,1,0,1
"60",0,1,0,1,0,1,0,1,1,0,1,0,1,0,1,0,1,0,0,1,1,0,0,1
"61",1,0,0,1,1,0,0,1,1,0,0,1,0,1,1,0,0,1,1,0,1,0,1,0
"62",1,0,1,0,0,1,0,1,1,0,1,0,0,1,0,1,0,1,1,0,1,0,0,1
"63",1,0,1,0,1,0,1,0,0,1,0,1,0,1,0,1,1,0,1,0,1,0,1,0
"64",0,1,0,1,0,1,1,0,0,1,1,0,0,1,1,0,0,1,1,0,0,1,0,1
"65",0,1,0,1,0,1,0,1,0,1,0,1,1,0,0,1,0,1,1,0,1,0,0,1
"66",0,1,1,0,1,0,0,1,0,1,0,1,0,1,1,0,0,1,0,1,0,1,0,1
"67",0,1,1,0,0,1,1,0,0,1,0,1,1,0,0,1,0,1,1,0,0,1,1,0
"68",0,1,1,0,1,0,0,1,0,1,1,0,1,0,0,1,0,1,0,1,0,1,0,1
"69",1,0,0,1,0,1,0,1,0,1,1,0,1,0,1,0,1,0,1,0,1,0,1,0
"70",0,1,1,0,0,1,0,1,0,1,0,1,0,1,1,0,1,0,1,0,1,0,1,0
"71",1,0,1,0,1,0,1,0,1,0,1,0,0,1,0,1,0,1,0,1,1,0,0,1
"72",0,1,1,0,1,0,0,1,0,1,0,1,0,1,1,0,1,0,0,1,0,1,0,1
"73",0,1,0,1,1,0,0,1,1,0,1,0,0,1,1,0,0,1,1,0,1,0,0,1
"74",0,1,1,0,0,1,1,0,1,0,0,1,0,1,0,1,1,0,1,0,0,1,1,0
"75",1,0,1,0,1,0,0,1,0,1,0,1,1,0,0,1,0,1,1,0,0,1,1,0
"76",0,1,0,1,1,0,1,0,0,1,1,0,1,0,0,1,0,1,1,0,1,0,0,1
"77",0,1,0,1,1,0,0,1,0,1,1,0,0,1,1,0,0,1,1,0,0,1,0,1
"78",1,0,1,0,0,1,1,0,1,0,1,0,0,1,1,0,1,0,0,1,1,0,1,0
"79",0,1,0,1,1,0,1,0,0,1,0,1,0,1,0,1,1,0,0,1,0,1,1,0
"80",1,0,1,0,0,1,1,0,1,0,0,1,0,1,0,1,0,1,0,1,0,1,1,0
"81",1,0,0,1,1,0,0,1,1,0,0,1,0,1,0,1,0,1,1,0,0,1,0,1
"82",0,1,0,1,1,0,0,1,0,1,0,1,0,1,0,1,1,0,0,1,0,1,0,1
"83",0,1,0,1,1,0,1,0,1,0,0,1,0,1,0,1,0,1,0,1,0,1,0,1
"84",1,0,0,1,0,1,0,1,1,0,0,1,0,1,0,1,1,0,0,1,1,0,1,0
"85",0,1,1,0,1,0,0,1,1,0,0,1,0,1,1,0,1,0,1,0,0,1,0,1
"86",1,0,0,1,0,1,0,1,1,0,0,1,0,1,1,0,0,1,0,1,0,1,0,1
"87",0,1,1,0,1,0,1,0,1,0,1,0,1,0,0,1,1,0,1,0,1,0,1,0
"88",0,1,0,1,0,1,1,0,1,0,1,0,0,1,0,1,0,1,0,1,1,0,0,1
"89",1,0,0,1,0,1,0,1,0,1,1,0,1,0,1,0,1,0,1,0,1,0,1,0
"90",0,1,1,0,1,0,1,0,0,1,0,1,1,0,1,0,1,0,0,1,1,0,1,0
"91",0,1,1,0,0,1,1,0,1,0,1,0,0,1,1,0,0,1,1,0,0,1,1,0
"92",1,0,1,0,1,0,1,0,0,1,0,1,1,0,1,0,1,0,1,0,1,0,1,0
"93",0,1,0,1,1,0,0,1,0,1,1,0,1,0,0,1,1,0,0,1,0,1,0,1
"94",1,0,1,0,0,1,0,1,1,0,1,0,0,1,0,1,0,1,0,1,1,0,1,0
"95",0,1,1,0,0,1,0,1,1,0,0,1,1,0,0,1,0,1,0,1,0,1,0,1
"96",0,1,1,0,0,1,1,0,0,1,0,1,1,0,0,1,0,1,0,1,0,1,0,1
"97",0,1,1,0,1,0,1,0,0,1,0,1,1,0,1,0,0,1,0,1,0,1,1,0
"98",1,0,1,0,1,0,0,1,0,1,0,1,1,0,0,1,1,0,1,0,1,0,1,0
"99",1,0,0,1,1,0,0,1,1,0,0,1,1,0,1,0,1,0,0,1,1,0,0,1
"100",1,0,0,1,1,0,1,0,0,1,1,0,1,0,1,0,0,1,1,0,0,1,1,0
"101",1,0,1,0,1,0,1,0,0,1,0,1,1,0,1,0,1,0,1,0,0,1,1,0
"102",1,0,0,1,1,0,0,1,0,1,1,0,0,1,0,1,0,1,1,0,0,1,0,1
"103",0,1,1,0,0,1,0,1,1,0,1,0,1,0,1,0,1,0,0,1,0,1,0,1
"104",1,0,1,0,0,1,1,0,0,1,1,0,0,1,0,1,1,0,0,1,1,0,1,0
"105",1,0,1,0,0,1,1,0,1,0,1,0,1,0,0,1,0,1,0,1,1,0,0,1
"106",0,1,1,0,1,0,0,1,0,1,1,0,1,0,1,0,0,1,1,0,1,0,1,0
"107",1,0,1,0,1,0,0,1,1,0,0,1,1,0,0,1,1,0,0,1,0,1,1,0
"108",1,0,0,1,1,0,1,0,0,1,0,1,0,1,0,1,0,1,1,0,0,1,0,1
"109",1,0,1,0,1,0,1,0,0,1,1,0,0,1,1,0,1,0,1,0,0,1,0,1
"110",0,1,1,0,0,1,1,0,1,0,0,1,1,0,0,1,1,0,0,1,0,1,0,1
"111",0,1,0,1,1,0,1,0,0,1,0,1,0,1,0,1,0,1,1,0,0,1,0,1
"112",1,0,1,0,0,1,0,1,1,0,0,1,1,0,1,0,1,0,1,0,1,0,1,0
"113",0,1,0,1,0,1,0,1,1,0,0,1,1,0,1,0,0,1,0,1,1,0,0,1
"114",0,1,1,0,0,1,1,0,1,0,1,0,1,0,1,0,1,0,0,1,0,1,0,1
"115",0,1,0,1,0,1,1,0,1,0,1,0,0,1,1,0,1,0,1,0,0,1,1,0
"116",0,1,0,1,0,1,1,0,1,0,0,1,0,1,0,1,1,0,0,1,0,1,0,1
"117",0,1,0,1,1,0,1,0,0,1,0,1,0,1,1,0,0,1,1,0,0,1,1,0
"118",1,0,0,1,1,0,1,0,1,0,0,1,0,1,1,0,1,0,1,0,1,0,1,0
"119",1,0,1,0,1,0,0,1,0,1,1,0,0,1,0,1,1,0,0,1,0,1,1,0
"120",1,0,1,0,1,0,0,1,1,0,0,1,1,0,1,0,1,0,1,0,0,1,1,0
"121",0,1,0,1,0,1,0,1,1,0,1,0,1,0,0,1,1,0,0,1,0,1,0,1
"122",1,0,0,1,0,1,1,0,0,1,1,0,1,0,1,0,0,1,1,0,1,0,0,1
"123",1,0,1,0,1,0,1,0,1,0,1,0,0,1,0,1,1,0,1,0,1,0,1,0
"124",0,1,1,0,0,1,0,1,1,0,0,1,0,1,1,0,1,0,0,1,0,1,0,1
"125",0,1,0,1,0,1,0,1,1,0,1,0,0,1,0,1,0,1,1,0,1,0,0,1
"126",1,0,0,1,1,0,1,0,1,0,0,1,0,1,1,0,0,1,0,1,0,1,1,0
"127",1,0,0,1,1,0,1,0,1,0,0,1,0,1,1,0,0,1,0,1,0,1,0,1
"128",1,0,1,0,0,1,1,0,1,0,0,1,1,0,0,1,1,0,1,0,0,1,1,0
"129",0,1,1,0,1,0,0,1,0,1,0,1,0,1,1,0,0,1,0,1,1,0,0,1
"130",0,1,0,1,1,0,0,1,0,1,0,1,1,0,1,0,1,0,1,0,1,0,1,0
"131",0,1,0,1,0,1,0,1,0,1,1,0,0,1,0,1,0,1,1,0,0,1,0,1
"132",1,0,0,1,1,0,0,1,0,1,1,0,0,1,0,1,1,0,0,1,1,0,1,0
"133",1,0,1,0,0,1,0,1,1,0,1,0,0,1,1,0,1,0,0,1,1,0,0,1
"134",0,1,0,1,0,1,1,0,0,1,0,1,0,1,1,0,0,1,0,1,0,1,0,1
"135",1,0,1,0,0,1,1,0,0,1,0,1,0,1,1,0,0,1,1,0,0,1,1,0
"136",1,0,1,0,1,0,1,0,1,0,0,1,1,0,1,0,1,0,0,1,0,1,1,0
"137",1,0,1,0,1,0,1,0,0,1,0,1,1,0,1,0,1,0,0,1,1,0,0,1
"138",1,0,1,0,1,0,0,1,0,1,1,0,1,0,1,0,0,1,1,0,0,1,1,0
"139",1,0,1,0,0,1,1,0,0,1,1,0,0,1,1,0,1,0,1,0,0,1,1,0
"140",1,0,0,1,0,1,1,0,0,1,1,0,0,1,0,1,1,0,1,0,1,0,1,0
"141",1,0,1,0,1,0,1,0,1,0,0,1,0,1,1,0,1,0,1,0,1,0,1,0
"142",0,1,0,1,1,0,1,0,0,1,0,1,0,1,0,1,1,0,0,1,1,0,1,0
"143",0,1,1,0,0,1,1,0,1,0,1,0,1,0,0,1,1,0,0,1,1,0,0,1
"144",1,0,0,1,0,1,0,1,1,0,0,1,0,1,0,1,1,0,0,1,1,0,0,1
"145",0,1,1,0,1,0,1,0,1,0,0,1,0,1,1,0,1,0,1,0,0,1,1,0
"146",0,1,0,1,0,1,0,1,0,1,1,0,1,0,1,0,0,1,0,1,0,1,0,1
"147",1,0,1,0,0,1,1,0,0,1,0,1,0,1,1,0,0,1,0,1,1,0,1,0
"148",1,0,1,0,0,1,0,1,1,0,1,0,0,1,0,1,0,1,1,0,0,1,0,1
"149",1,0,0,1,1,0,0,1,0,1,1,0,1,0,1,0,0,1,1,0,1,0,0,1
"150",0,1,0,1,1,0,1,0,1,0,1,0,1,0,0,1,1,0,0,1,0,1,0,1
"151",0,1,0,1,1,0,1,0,1,0,1,0,1,0,0,1,1,0,1,0,0,1,0,1
"152",1,0,1,0,0,1,0,1,1,0,1,0,1,0,1,0,0,1,1,0,0,1,0,1
"153",1,0,1,0,1,0,1,0,1,0,0,1,1,0,0,1,1,0,1,0,0,1,1,0
"154",0,1,1,0,0,1,0,1,0,1,0,1,0,1,1,0,1,0,1,0,0,1,0,1
"155",0,1,0,1,0,1,0,1,0,1,0,1,1,0,1,0,1,0,0,1,1,0,0,1
"156",1,0,0,1,0,1,1,0,0,1,1,0,0,1,0,1,1,0,1,0,1,0,1,0
"157",0,1,1,0,0,1,0,1,0,1,1,0,1,0,1,0,0,1,1,0,0,1,0,1
"158",1,0,1,0,1,0,1,0,0,1,1,0,1,0,0,1,1,0,0,1,1,0,1,0
"159",0,1,1,0,1,0,0,1,0,1,0,1,1,0,0,1,0,1,0,1,0,1,0,1
"160",1,0,1,0,0,1,1,0,1,0,1,0,0,1,0,1,1,0,0,1,0,1,0,1
"161",1,0,0,1,1,0,1,0,0,1,1,0,0,1,1,0,0,1,0,1,1,0,1,0
"162",0,1,1,0,1,0,1,0,1,0,0,1,0,1,1,0,1,0,0,1,0,1,1,0
"163",1,0,1,0,0,1,0,1,1,0,1,0,0,1,0,1,0,1,1,0,1,0,1,0
"164",1,0,0,1,0,1,0,1,0,1,1,0,0,1,0,1,0,1,1,0,1,0,1,0
"165",0,1,1,0,1,0,1,0,0,1,0,1,0,1,0,1,1,0,0,1,1,0,1,0
"166",1,0,0,1,0,1,1,0,0,1,0,1,1,0,1,0,0,1,1,0,1,0,1,0
"167",1,0,0,1,0,1,1,0,1,0,0,1,1,0,1,0,0,1,0,1,1,0,0,1
"168",1,0,0,1,1,0,1,0,1,0,1,0,1,0,1,0,0,1,0,1,0,1,1,0
"169",0,1,0,1,0,1,0,1,1,0,0,1,0,1,0,1,1,0,1,0,0,1,0,1
"170",0,1,1,0,0,1,1,0,1,0,1,0,1,0,0,1,0,1,0,1,1,0,1,0
"171",0,1,1,0,1,0,1,0,0,1,0,1,1,0,0,1,0,1,1,0,1,0,0,1
"172",0,1,0,1,1,0,1,0,0,1,1,0,1,0,1,0,1,0,0,1,1,0,1,0
"173",0,1,1,0,0,1,1,0,1,0,1,0,0,1,0,1,1,0,1,0,1,0,0,1
"174",0,1,1,0,1,0,0,1,0,1,1,0,1,0,0,1,0,1,0,1,1,0,0,1
"175",0,1,0,1,0,1,1,0,1,0,1,0,1,0,0,1,0,1,0,1,0,1,0,1
"176",1,0,0,1,1,0,0,1,0,1,0,1,1,0,0,1,1,0,0,1,0,1,0,1
"177",1,0,1,0,0,1,0,1,1,0,1,0,1,0,1,0,0,1,0,1,0,1,1,0
"178",1,0,0,1,0,1,1,0,1,0,1,0,1,0,1,0,0,1,1,0,0,1,1,0
"179",1,0,0,1,1,0,1,0,0,1,0,1,0,1,1,0,1,0,0,1,0,1,1,0
"180",0,1,0,1,1,0,1,0,0,1,1,0,0,1,1,0,0,1,1,0,0,1,1,0
"181",1,0,0,1,1,0,0,1,1,0,1,0,1,0,1,0,0,1,0,1,1,0,0,1
"182",0,1,1,0,0,1,1,0,0,1,0,1,1,0,1,0,1,0,1,0,0,1,1,0
"183",0,1,0,1,0,1,0,1,0,1,1,0,0,1,0,1,1,0,0,1,1,0,0,1
"184",0,1,1,0,0,1,1,0,0,1,0,1,0,1,1,0,1,0,0,1,1,0,1,0
"185",0,1,0,1,1,0,0,1,0,1,1,0,1,0,1,0,0,1,1,0,0,1,0,1
"186",1,0,0,1,1,0,1,0,1,0,1,0,0,1,1,0,0,1,0,1,1,0,1,0
"187",1,0,1,0,0,1,1,0,1,0,1,0,0,1,0,1,1,0,0,1,1,0,1,0
"188",1,0,1,0,1,0,0,1,0,1,0,1,0,1,1,0,0,1,0,1,0,1,1,0
"189",1,0,0,1,1,0,1,0,1,0,1,0,1,0,0,1,1,0,0,1,1,0,1,0
"190",0,1,1,0,1,0,1,0,1,0,0,1,1,0,0,1,1,0,1,0,0,1,0,1
"191",0,1,0,1,1,0,1,0,0,1,1,0,1,0,1,0,1,0,0,1,1,0,1,0
"192",1,0,1,0,1,0,0,1,0,1,0,1,0,1,1,0,1,0,0,1,1,0,1,0
"193",0,1,1,0,0,1,1,0,0,1,0,1,0,1,0,1,0,1,1,0,1,0,1,0
"194",0,1,0,1,0,1,0,1,0,1,1,0,1,0,1,0,1,0,1,0,0,1,1,0
"195",0,1,1,0,1,0,1,0,0,1,0,1,1,0,0,1,0,1,0,1,0,1,0,1
"196",0,1,0,1,0,1,1,0,0,1,0,1,0,1,0,1,0,1,1,0,0,1,0,1
"197",1,0,1,0,1,0,0,1,1,0,1,0,1,0,1,0,1,0,1,0,0,1,1,0
"198",1,0,1,0,0,1,1,0,0,1,1,0,0,1,1,0,1,0,1,0,1,0,1,0
"199",0,1,0,1,0,1,1,0,1,0,1,0,0,1,1,0,0,1,0,1,1,0,0,1
"200",0,1,1,0,0,1,0,1,0,1,0,1,0,1,1,0,1,0,0,1,0,1,0,1
"201",0,1,0,1,0,1,1,0,1,0,0,1,0,1,0,1,1,0,1,0,1,0,1,0
"202",0,1,0,1,0,1,1,0,1,0,1,0,1,0,1,0,1,0,1,0,1,0,1,0
"203",0,1,1,0,1,0,0,1,0,1,1,0,1,0,1,0,0,1,0,1,0,1,1,0
"204",1,0,0,1,0,1,1,0,1,0,0,1,1,0,0,1,0,1,0,1,0,1,0,1
"205",1,0,0,1,0,1,1,0,0,1,0,1,0,1,0,1,0,1,1,0,1,0,0,1
"206",1,0,0,1,0,1,1,0,0,1,1,0,0,1,0,1,0,1,0,1,1,0,0,1
"207",1,0,1,0,1,0,1,0,1,0,0,1,1,0,0,1,1,0,1,0,1,0,1,0
"208",1,0,0,1,0,1,1,0,1,0,0,1,0,1,1,0,0,1,0,1,0,1,0,1
"209",1,0,1,0,0,1,1,0,1,0,1,0,1,0,1,0,0,1,1,0,0,1,1,0
"210",0,1,0,1,0,1,0,1,1,0,1,0,1,0,1,0,0,1,1,0,1,0,0,1
"211",0,1,1,0,0,1,0,1,0,1,0,1,1,0,0,1,0,1,1,0,0,1,1,0
"212",1,0,1,0,0,1,1,0,0,1,0,1,0,1,0,1,0,1,0,1,0,1,0,1
"213",0,1,1,0,1,0,1,0,1,0,1,0,0,1,1,0,1,0,1,0,1,0,1,0
"214",1,0,0,1,0,1,0,1,0,1,0,1,0,1,0,1,0,1,0,1,0,1,0,1
"215",1,0,1,0,0,1,1,0,1,0,0,1,1,0,0,1,0,1,0,1,0,1,0,1
"216",1,0,1,0,0,1,1,0,1,0,1,0,1,0,0,1,0,1,1,0,1,0,1,0
"217",0,1,0,1,0,1,1,0,1,0,1,0,0,1,0,1,0,1,1,0,1,0,0,1
"218",0,1,1,0,0,1,1,0,1,0,0,1,0,1,0,1,0,1,0,1,1,0,0,1
"219",1,0,1,0,1,0,1,0,1,0,1,0,0,1,1,0,0,1,1,0,1,0,1,0
"220",1,0,1,0,1,0,1,0,0,1,0,1,1,0,0,1,0,1,1,0,0,1,0,1
"221",1,0,1,0,0,1,0,1,1,0,0,1,0,1,1,0,1,0,0,1,1,0,1,0
"222",1,0,1,0,0,1,1,0,0,1,1,0,1,0,1,0,0,1,1,0,0,1,0,1
"223",0,1,0,1,0,1,1,0,1,0,0,1,1,0,1,0,1,0,0,1,1,0,0,1
"224",1,0,0,1,0,1,0,1,1,0,0,1,1,0,0,1,1,0,0,1,1,0,0,1
"225",0,1,1,0,1,0,1,0,1,0,1,0,1,0,1,0,0,1,1,0,1,0,1,0
"226",1,0,0,1,1,0,1,0,0,1,1,0,1,0,0,1,1,0,0,1,0,1,1,0
"227",1,0,0,1,0,1,0,1,1,0,0,1,1,0,0,1,1,0,0,1,0,1,0,1
"228",1,0,0,1,0,1,0,1,0,1,0,1,1,0,0,1,0,1,1,0,1,0,1,0
"229",1,0,1,0,0,1,1,0,0,1,1,0,0,1,0,1,1,0,1,0,1,0,1,0
"230",1,0,1,0,0,1,0,1,1,0,0,1,0,1,1,0,0,1,1,0,1,0,1,0
"231",1,0,1,0,0,1,0,1,0,1,0,1,0,1,1,0,0,1,1,0,0,1,0,1
"232",0,1,1,0,0,1,0,1,0,1,1,0,1,0,0,1,0,1,1,0,1,0,0,1
"233",1,0,1,0,1,0,1,0,1,0,1,0,0,1,0,1,0,1,0,1,0,1,0,1
"234",1,0,0,1,0,1,0,1,1,0,1,0,0,1,1,0,1,0,1,0,0,1,0,1
"235",1,0,1,0,1,0,1,0,0,1,0,1,0,1,1,0,1,0,1,0,0,1,1,0
"236",1,0,0,1,0,1,1,0,0,1,0,1,0,1,0,1,1,0,0,1,0,1,1,0
"237",1,0,0,1,1,0,1,0,1,0,0,1,1,0,1,0,1,0,0,1,0,1,0,1
"238",0,1,0,1,0,1,0,1,0,1,0,1,0,1,0,1,0,1,0,1,1,0,0,1
"239",1,0,1,0,0,1,1,0,0,1,1,0,1,0,0,1,0,1,1,0,1,0,1,0
"240",1,0,1,0,0,1,0,1,0,1,1,0,0,1,1,0,0,1,1,0,0,1,0,1
"241",0,1,0,1,0,1,0,1,0,1,1,0,1,0,0,1,0,1,0,1,1,0,0,1
"242",0,1,0,1,0,1,0,1,1,0,1,0,0,1,0,1,1,0,0,1,1,0,0,1
"243",0,1,1,0,0,1,0,1,0,1,0,1,1,0,1,0,1,0,0,1,0,1,0,1
"244",1,0,0,1,1,0,0,1,0,1,1,0,1,0,0,1,1,0,0,1,0,1,1,0
"245",1,0,0,1,0,1,0,1,0,1,0,1,0,1,1,0,0,1,1,0,1,0,1,0
"246",1,0,1,0,1,0,1,0,0,1,1,0,1,0,0,1,0,1,0,1,1,0,1,0
"247",1,0,0,1,0,1,0,1,0,1,1,0,1,0,0,1,1,0,1,0,1,0,1,0
"248",1,0,1,0,0,1,1,0,0,1,0,1,0,1,0,1,1,0,0,1,1,0,1,0
"249",1,0,0,1,1,0,1,0,1,0,1,0,0,1,0,1,1,0,1,0,0,1,0,1
"250",0,1,0,1,0,1,1,0,1,0,1,0,1,0,1,0,1,0,1,0,0,1,1,0
"251",1,0,0,1,1,0,0,1,0,1,1,0,1,0,0,1,1,0,0,1,1,0,1,0
"252",0,1,0,1,1,0,0,1,1,0,0,1,1,0,1,0,1,0,0,1,1,0,1,0
"253",0,1,0,1,1,0,1,0,1,0,0,1,0,1,1,0,0,1,0,1,1,0,0,1
"254",0,1,0,1,0,1,0,1,0,1,0,1,1,0,0,1,0,1,1,0,0,1,0,1
"255",0,1,0,1,0,1,0,1,0,1,1,0,0,1,0,1,0,1,0,1,1,0,0,1
"256",1,0,0,1,0,1,1,0,0,1,0,1,1,0,0,1,0,1,1,0,1,0,1,0
"257",0,1,0,1,0,1,0,1,1,0,0,1,0,1,0,1,1,0,1,0,1,0,0,1
"258",0,1,0,1,1,0,0,1,0,1,0,1,1,0,1,0,0,1,0,1,0,1,0,1
"259",0,1,0,1,1,0,0,1,1,0,1,0,1,0,1,0,1,0,0,1,1,0,1,0
"260",1,0,1,0,1,0,1,0,1,0,0,1,1,0,0,1,0,1,0,1,1,0,0,1
"261",1,0,1,0,0,1,1,0,0,1,1,0,1,0,0,1,1,0,1,0,1,0,1,0
"262",1,0,0,1,0,1,0,1,0,1,1,0,0,1,1,0,1,0,0,1,0,1,0,1
"263",0,1,0,1,0,1,1,0,0,1,1,0,0,1,1,0,0,1,0,1,1,0,0,1
"264",0,1,1,0,1,0,0,1,0,1,1,0,1,0,0,1,0,1,1,0,1,0,1,0
"265",1,0,0,1,0,1,1,0,1,0,1,0,0,1,0,1,0,1,0,1,1,0,0,1
"266",1,0,1,0,1,0,1,0,1,0,0,1,0,1,0,1,0,1,0,1,1,0,0,1
"267",0,1,0,1,0,1,0,1,0,1,0,1,0,1,0,1,1,0,0,1,1,0,0,1
"268",0,1,1,0,1,0,1,0,1,0,1,0,1,0,0,1,0,1,0,1,0,1,1,0
"269",0,1,0,1,0,1,1,0,0,1,1,0,1,0,0,1,1,0,0,1,1,0,0,1
"270",0,1,1,0,0,1,1,0,1,0,1,0,0,1,0,1,0,1,1,0,0,1,1,0
"271",0,1,0,1,0,1,0,1,0,1,1,0,1,0,1,0,1,0,0,1,1,0,0,1
"272",0,1,0,1,0,1,0,1,0,1,0,1,1,0,0,1,0,1,0,1,0,1,0,1
"273",0,1,0,1,0,1,1,0,1,0,0,1,1,0,1,0,0,1,0,1,1,0,0,1
"274",0,1,1,0,1,0,1,0,0,1,0,1,1,0,0,1,0,1,0,1,0,1,1,0
"275",0,1,1,0,0,1,1,0,0,1,1,0,0,1,1,0,0,1,0,1,1,0,0,1
"276",1,0,0,1,1,0,0,1,1,0,0,1,0,1,0,1,1,0,1,0,1,0,1,0
"277",1,0,1,0,1,0,0,1,0,1,0,1,1,0,0,1,0,1,0,1,0,1,1,0
"278",1,0,0,1,0,1,0,1,0,1,1,0,0,1,1,0,0,1,0,1,1,0,0,1
"279",0,1,1,0,1,0,1,0,0,1,1,0,1,0,0,1,1,0,1,0,1,0,1,0
"280",0,1,1,0,1,0,1,0,0,1,0,1,1,0,0,1,0,1,0,1,0,1,1,0
"281",0,1,1,0,1,0,1,0,0,1,0,1,1,0,1,0,0,1,0,1,1,0,1,0
"282",0,1,0,1,0,1,1,0,0,1,0,1,0,1,1,0,0,1,0,1,1,0,0,1
"283",1,0,0,1,0,1,1,0,1,0,1,0,0,1,1,0,1,0,0,1,0,1,0,1
"284",1,0,0,1,1,0,0,1,1,0,0,1,0,1,1,0,1,0,1,0,0,1,0,1
"285",1,0,0,1,0,1,1,0,1,0,1,0,1,0,0,1,1,0,1,0,1,0,1,0
"286",0,1,0,1,1,0,1,0,0,1,1,0,0,1,1,0,1,0,1,0,1,0,1,0
"287",0,1,0,1,1,0,1,0,0,1,0,1,1,0,1,0,1,0,1,0,1,0,1,0
"288",0,1,0,1,1,0,1,0,0,1,1,0,1,0,0,1,1,0,1,0,1,0,1,0
"289",0,1,0,1,1,0,1,0,1,0,0,1,1,0,1,0,0,1,1,0,1,0,1,0
"290",1,0,1,0,0,1,1,0,0,1,0,1,0,1,0,1,0,1,1,0,0,1,0,1
"291",1,0,0,1,1,0,0,1,1,0,1,0,0,1,1,0,0,1,0,1,1,0,1,0
"292",0,1,0,1,0,1,1,0,0,1,1,0,0,1,1,0,1,0,0,1,0,1,0,1
"293",1,0,1,0,1,0,0,1,1,0,0,1,1,0,0,1,1,0,1,0,1,0,1,0
"294",1,0,0,1,1,0,0,1,0,1,0,1,1,0,1,0,0,1,1,0,1,0,0,1
"295",1,0,0,1,1,0,1,0,1,0,0,1,0,1,1,0,1,0,1,0,1,0,1,0
"296",1,0,0,1,0,1,1,0,1,0,0,1,0,1,0,1,0,1,0,1,1,0,0,1
"297",0,1,1,0,0,1,1,0,0,1,1,0,1,0,1,0,0,1,1,0,1,0,1,0
"298",1,0,1,0,1,0,0,1,1,0,1,0,1,0,0,1,0,1,0,1,1,0,1,0
"299",1,0,1,0,1,0,0,1,1,0,0,1,1,0,1,0,1,0,0,1,0,1,1,0
"300",1,0,0,1,1,0,0,1,0,1,1,0,1,0,1,0,0,1,1,0,0,1,0,1
"301",0,1,1,0,0,1,0,1,0,1,0,1,0,1,0,1,1,0,0,1,0,1,0,1
"302",1,0,0,1,1,0,0,1,1,0,1,0,0,1,1,0,1,0,1,0,0,1,1,0
"303",1,0,1,0,0,1,0,1,0,1,1,0,0,1,1,0,0,1,0,1,1,0,0,1
"304",1,0,1,0,0,1,1,0,0,1,0,1,1,0,1,0,1,0,0,1,0,1,1,0
"305",1,0,0,1,0,1,1,0,0,1,1,0,0,1,0,1,0,1,1,0,1,0,0,1
"306",1,0,1,0,1,0,0,1,1,0,1,0,1,0,1,0,1,0,1,0,1,0,1,0
"307",0,1,1,0,0,1,0,1,1,0,1,0,0,1,0,1,0,1,1,0,0,1,0,1
"308",1,0,0,1,0,1,1,0,0,1,1,0,1,0,1,0,0,1,0,1,1,0,0,1
"309",1,0,1,0,1,0,0,1,1,0,1,0,0,1,0,1,0,1,1,0,0,1,0,1
"310",0,1,1,0,0,1,1,0,0,1,0,1,0,1,1,0,0,1,0,1,1,0,0,1
"311",0,1,0,1,1,0,1,0,0,1,0,1,0,1,0,1,1,0,0,1,0,1,0,1
"312",1,0,1,0,1,0,1,0,1,0,0,1,0,1,0,1,0,1,0,1,0,1,0,1
"313",0,1,1,0,0,1,1,0,1,0,0,1,0,1,1,0,0,1,1,0,0,1,0,1
"314",1,0,1,0,0,1,1,0,0,1,1,0,1,0,0,1,1,0,0,1,1,0,1,0
"315",1,0,0,1,1,0,0,1,1,0,0,1,1,0,1,0,0,1,1,0,1,0,1,0
"316",1,0,1,0,0,1,1,0,0,1,0,1,0,1,0,1,0,1,1,0,1,0,1,0
"317",0,1,1,0,0,1,1,0,1,0,1,0,1,0,0,1,1,0,0,1,1,0,0,1
"318",0,1,0,1,0,1,0,1,1,0,1,0,0,1,0,1,1,0,0,1,0,1,0,1
"319",1,0,0,1,0,1,0,1,1,0,1,0,0,1,0,1,0,1,1,0,1,0,0,1
"320",1,0,1,0,0,1,0,1,1,0,1,0,1,0,0,1,0,1,1,0,0,1,1,0
"321",0,1,0,1,1,0,1,0,1,0,1,0,1,0,1,0,0,1,0,1,1,0,0,1
"322",0,1,1,0,0,1,0,1,0,1,0,1,1,0,0,1,1,0,1,0,0,1,0,1
"323",0,1,0,1,1,0,1,0,1,0,0,1,1,0,1,0,0,1,0,1,1,0,0,1
"324",0,1,0,1,1,0,1,0,0,1,0,1,0,1,0,1,1,0,1,0,0,1,1,0
"325",0,1,0,1,1,0,1,0,1,0,0,1,0,1,0,1,1,0,1,0,0,1,1,0
"326",1,0,1,0,1,0,1,0,1,0,1,0,0,1,0,1,1,0,0,1,1,0,1,0
"327",0,1,0,1,1,0,0,1,0,1,1,0,0,1,1,0,0,1,0,1,0,1,0,1
"328",0,1,1,0,0,1,0,1,1,0,0,1,0,1,0,1,0,1,0,1,1,0,0,1
"329",0,1,0,1,1,0,1,0,1,0,1,0,1,0,1,0,0,1,1,0,0,1,0,1
"330",0,1,1,0,0,1,0,1,1,0,1,0,0,1,0,1,0,1,1,0,1,0,1,0
"331",0,1,0,1,0,1,1,0,0,1,1,0,1,0,1,0,0,1,1,0,1,0,1,0
"332",1,0,1,0,0,1,1,0,0,1,0,1,0,1,1,0,0,1,1,0,0,1,1,0
"333",1,0,0,1,0,1,1,0,0,1,1,0,0,1,0,1,1,0,1,0,1,0,1,0
"334",1,0,1,0,0,1,0,1,1,0,0,1,0,1,1,0,0,1,1,0,1,0,1,0
"335",0,1,0,1,1,0,1,0,1,0,1,0,1,0,1,0,0,1,1,0,1,0,0,1
"336",1,0,1,0,0,1,0,1,0,1,1,0,0,1,1,0,0,1,0,1,1,0,0,1
"337",0,1,0,1,0,1,1,0,0,1,0,1,1,0,1,0,1,0,0,1,0,1,1,0
"338",1,0,1,0,0,1,1,0,0,1,1,0,0,1,1,0,0,1,0,1,1,0,1,0
"339",0,1,0,1,1,0,0,1,1,0,1,0,0,1,0,1,1,0,1,0,0,1,0,1
"340",1,0,1,0,0,1,0,1,1,0,1,0,0,1,1,0,1,0,0,1,1,0,1,0
"341",0,1,0,1,1,0,1,0,1,0,0,1,1,0,0,1,0,1,0,1,1,0,0,1
"342",1,0,0,1,0,1,1,0,0,1,1,0,1,0,0,1,1,0,0,1,1,0,0,1
"343",1,0,0,1,1,0,1,0,0,1,0,1,0,1,1,0,0,1,1,0,0,1,1,0
"344",0,1,0,1,1,0,1,0,0,1,1,0,0,1,1,0,1,0,1,0,0,1,1,0
"345",0,1,1,0,1,0,0,1,0,1,0,1,1,0,0,1,1,0,1,0,1,0,1,0
"346",0,1,1,0,0,1,1,0,1,0,0,1,0,1,0,1,0,1,0,1,1,0,0,1
"347",1,0,0,1,0,1,0,1,1,0,1,0,1,0,1,0,0,1,1,0,0,1,0,1
"348",1,0,1,0,0,1,0,1,1,0,1,0,0,1,0,1,1,0,0,1,0,1,0,1
"349",1,0,0,1,0,1,0,1,0,1,0,1,0,1,0,1,1,0,0,1,0,1,0,1
"350",0,1,0,1,1,0,1,0,1,0,1,0,1,0,1,0,0,1,1,0,1,0,1,0
"351",0,1,0,1,1,0,1,0,0,1,0,1,0,1,0,1,1,0,1,0,0,1,0,1
"352",0,1,1,0,0,1,0,1,0,1,0,1,0,1,1,0,1,0,0,1,0,1,0,1
"353",0,1,1,0,1,0,1,0,1,0,0,1,0,1,1,0,0,1,0,1,1,0,1,0
"354",0,1,1,0,1,0,1,0,1,0,0,1,1,0,0,1,0,1,1,0,0,1,1,0
"355",1,0,0,1,1,0,0,1,0,1,1,0,0,1,0,1,1,0,1,0,1,0,1,0
"356",0,1,0,1,1,0,1,0,0,1,1,0,0,1,0,1,1,0,0,1,1,0,1,0
"357",0,1,1,0,0,1,0,1,1,0,0,1,1,0,0,1,1,0,1,0,0,1,0,1
"358",1,0,1,0,1,0,0,1,1,0,1,0,0,1,0,1,1,0,1,0,1,0,1,0
"359",1,0,0,1,0,1,1,0,0,1,0,1,1,0,0,1,0,1,0,1,0,1,0,1
"360",1,0,0,1,1,0,0,1,1,0,1,0,0,1,1,0,1,0,1,0,0,1,1,0
"361",0,1,1,0,1,0,0,1,0,1,1,0,1,0,0,1,0,1,1,0,1,0,1,0
"362",0,1,0,1,0,1,0,1,0,1,1,0,0,1,0,1,1,0,0,1,0,1,0,1
"363",0,1,1,0,0,1,0,1,0,1,0,1,1,0,0,1,0,1,0,1,1,0,0,1
"364",0,1,0,1,0,1,1,0,0,1,0,1,1,0,1,0,1,0,0,1,0,1,0,1
"365",1,0,0,1,1,0,1,0,1,0,1,0,0,1,1,0,1,0,1,0,0,1,1,0
"366",0,1,0,1,1,0,1,0,1,0,1,0,0,1,1,0,1,0,0,1,0,1,1,0
"367",0,1,0,1,1,0,1,0,1,0,0,1,1,0,1,0,0,1,1,0,1,0,0,1
"368",1,0,0,1,1,0,1,0,0,1,0,1,0,1,1,0,0,1,0,1,1,0,1,0
"369",1,0,0,1,1,0,1,0,0,1,1,0,1,0,0,1,1,0,1,0,1,0,1,0
"370",0,1,0,1,0,1,0,1,0,1,0,1,0,1,1,0,0,1,0,1,1,0,0,1
"371",0,1,0,1,0,1,0,1,1,0,0,1,0,1,1,0,1,0,1,0,0,1,0,1
"372",0,1,0,1,0,1,0,1,1,0,0,1,1,0,0,1,0,1,0,1,0,1,0,1
"373",1,0,0,1,1,0,0,1,0,1,0,1,1,0,0,1,1,0,1,0,1,0,1,0
"374",0,1,1,0,1,0,1,0,0,1,1,0,0,1,1,0,1,0,1,0,0,1,1,0
"375",0,1,0,1,0,1,0,1,1,0,0,1,0,1,1,0,0,1,0,1,1,0,0,1
"376",0,1,1,0,1,0,1,0,0,1,0,1,0,1,0,1,1,0,1,0,1,0,1,0
"377",0,1,1,0,0,1,1,0,1,0,1,0,0,1,1,0,0,1,1,0,0,1,1,0
"378",0,1,1,0,1,0,1,0,1,0,1,0,1,0,0,1,0,1,1,0,0,1,1,0
"379",0,1,1,0,0,1,1,0,0,1,0,1,0,1,1,0,1,0,0,1,1,0,1,0
"380",0,1,0,1,1,0,0,1,1,0,1,0,0,1,1,0,0,1,0,1,1,0,0,1
"381",1,0,0,1,1,0,1,0,1,0,1,0,0,1,0,1,1,0,1,0,1,0,1,0
"382",0,1,1,0,1,0,1,0,0,1,0,1,1,0,1,0,0,1,1,0,1,0,1,0
"383",0,1,1,0,0,1,0,1,1,0,1,0,0,1,0,1,0,1,0,1,0,1,0,1
"384",1,0,1,0,0,1,1,0,0,1,1,0,1,0,1,0,1,0,0,1,0,1,1,0
"385",0,1,1,0,0,1,0,1,1,0,0,1,1,0,1,0,0,1,1,0,1,0,1,0
"386",1,0,0,1,1,0,0,1,1,0,0,1,1,0,0,1,0,1,0,1,1,0,0,1
"387",0,1,1,0,1,0,1,0,0,1,0,1,1,0,1,0,1,0,1,0,1,0,1,0
"388",0,1,1,0,0,1,1,0,0,1,1,0,0,1,1,0,1,0,0,1,0,1,0,1
"389",1,0,1,0,0,1,0,1,0,1,0,1,0,1,1,0,0,1,0,1,0,1,1,0
"390",0,1,0,1,0,1,0,1,1,0,0,1,0,1,1,0,0,1,1,0,1,0,0,1
"391",0,1,0,1,1,0,0,1,1,0,1,0,0,1,0,1,1,0,0,1,0,1,0,1
"392",1,0,1,0,1,0,0,1,0,1,0,1,0,1,1,0,0,1,1,0,1,0,1,0
"393",0,1,0,1,1,0,1,0,1,0,1,0,0,1,1,0,1,0,1,0,1,0,1,0
"394",1,0,0,1,1,0,1,0,1,0,1,0,1,0,0,1,1,0,1,0,0,1,1,0
"395",1,0,0,1,0,1,1,0,1,0,0,1,0,1,1,0,1,0,1,0,0,1,1,0
"396",0,1,0,1,0,1,1,0,0,1,0,1,0,1,1,0,1,0,1,0,0,1,1,0
"397",1,0,1,0,1,0,0,1,0,1,1,0,0,1,0,1,0,1,1,0,1,0,1,0
"398",1,0,0,1,1,0,0,1,0,1,0,1,1,0,0,1,1,0,1,0,1,0,1,0
"399",0,1,0,1,0,1,0,1,1,0,0,1,1,0,1,0,1,0,0,1,1,0,0,1
"400",1,0,0,1,1,0,0,1,0,1,1,0,1,0,0,1,1,0,1,0,1,0,1,0
"401",1,0,0,1,1,0,1,0,0,1,0,1,0,1,0,1,1,0,1,0,1,0,1,0
"402",1,0,1,0,1,0,1,0,1,0,0,1,1,0,1,0,0,1,0,1,0,1,1,0
"403",0,1,0,1,1,0,0,1,0,1,1,0,0,1,0,1,0,1,1,0,1,0,0,1
"404",1,0,1,0,0,1,1,0,0,1,1,0,0,1,0,1,0,1,1,0,1,0,1,0
"405",1,0,1,0,1,0,1,0,1,0,0,1,1,0,1,0,0,1,0,1,1,0,1,0
"406",1,0,0,1,1,0,0,1,0,1,1,0,1,0,0,1,0,1,1,0,1,0,1,0
"407",1,0,1,0,1,0,0,1,0,1,0,1,0,1,1,0,0,1,0,1,1,0,1,0
"408",1,0,1,0,1,0,1,0,0,1,1,0,0,1,1,0,0,1,0,1,1,0,1,0
"409",1,0,1,0,0,1,1,0,1,0,0,1,0,1,1,0,1,0,0,1,1,0,1,0
"410",1,0,0,1,0,1,1,0,1,0,0,1,0,1,1,0,1,0,0,1,0,1,0,1
"411",1,0,1,0,0,1,1,0,0,1,1,0,0,1,0,1,0,1,1,0,1,0,1,0
"412",1,0,0,1,0,1,1,0,1,0,1,0,1,0,1,0,0,1,1,0,0,1,1,0
"413",0,1,1,0,1,0,0,1,1,0,1,0,0,1,0,1,0,1,0,1,0,1,1,0
"414",0,1,1,0,1,0,1,0,0,1,0,1,0,1,1,0,1,0,0,1,0,1,1,0
"415",0,1,1,0,1,0,0,1,1,0,1,0,1,0,0,1,1,0,0,1,0,1,1,0
"416",1,0,0,1,1,0,0,1,0,1,0,1,1,0,1,0,1,0,1,0,0,1,1,0
"417",1,0,1,0,0,1,1,0,1,0,0,1,1,0,0,1,1,0,0,1,0,1,1,0
"418",1,0,0,1,0,1,1,0,0,1,1,0,1,0,0,1,0,1,0,1,0,1,1,0
"419",1,0,1,0,0,1,0,1,0,1,1,0,0,1,1,0,1,0,0,1,1,0,1,0
"420",0,1,1,0,0,1,1,0,0,1,1,0,0,1,0,1,1,0,0,1,1,0,0,1
"421",1,0,0,1,1,0,0,1,1,0,1,0,1,0,1,0,0,1,0,1,0,1,0,1
"422",1,0,0,1,1,0,1,0,0,1,1,0,0,1,1,0,1,0,0,1,1,0,1,0
"423",1,0,1,0,0,1,1,0,1,0,0,1,0,1,0,1,0,1,0,1,0,1,0,1
"424",1,0,0,1,1,0,0,1,0,1,1,0,0,1,1,0,1,0,1,0,0,1,1,0
"425",0,1,0,1,1,0,1,0,1,0,1,0,0,1,1,0,1,0,0,1,1,0,1,0
"426",0,1,0,1,0,1,0,1,1,0,0,1,1,0,1,0,0,1,1,0,0,1,0,1
"427",0,1,1,0,1,0,0,1,1,0,1,0,1,0,1,0,1,0,0,1,1,0,1,0
"428",1,0,0,1,1,0,0,1,1,0,1,0,0,1,1,0,1,0,1,0,1,0,1,0
"429",1,0,1,0,1,0,1,0,1,0,0,1,1,0,1,0,1,0,0,1,0,1,1,0
"430",0,1,1,0,1,0,1,0,1,0,0,1,1,0,0,1,0,1,1,0,0,1,0,1
"431",0,1,1,0,0,1,0,1,1,0,1,0,1,0,0,1,0,1,0,1,0,1,0,1
"432",0,1,1,0,0,1,1,0,1,0,1,0,0,1,1,0,0,1,1,0,0,1,1,0
"433",1,0,1,0,1,0,1,0,0,1,0,1,1,0,0,1,1,0,1,0,1,0,1,0
"434",1,0,1,0,1,0,1,0,1,0,1,0,0,1,1,0,0,1,1,0,1,0,1,0
"435",1,0,0,1,1,0,0,1,1,0,1,0,0,1,0,1,0,1,0,1,1,0,1,0
"436",1,0,1,0,0,1,0,1,0,1,0,1,1,0,1,0,0,1,1,0,0,1,0,1
"437",1,0,1,0,0,1,1,0,0,1,1,0,0,1,0,1,0,1,0,1,1,0,0,1
"438",1,0,0,1,1,0,0,1,0,1,0,1,0,1,1,0,0,1,0,1,1,0,1,0
"439",1,0,1,0,1,0,0,1,0,1,0,1,0,1,1,0,1,0,0,1,1,0,1,0
"440",1,0,1,0,1,0,0,1,1,0,1,0,1,0,1,0,0,1,0,1,1,0,1,0
"441",1,0,0,1,0,1,1,0,1,0,1,0,1,0,0,1,1,0,0,1,1,0,0,1
"442",0,1,1,0,0,1,0,1,0,1,1,0,0,1,0,1,0,1,1,0,1,0,0,1
"443",0,1,0,1,1,0,1,0,0,1,1,0,1,0,0,1,0,1,1,0,0,1,0,1
"444",1,0,0,1,1,0,0,1,0,1,0,1,1,0,0,1,0,1,0,1,0,1,0,1
"445",0,1,1,0,0,1,1,0,1,0,0,1,1,0,1,0,1,0,0,1,1,0,1,0
"446",0,1,1,0,1,0,0,1,0,1,0,1,1,0,0,1,0,1,0,1,1,0,0,1
"447",1,0,1,0,1,0,0,1,0,1,0,1,0,1,1,0,0,1,0,1,1,0,1,0
"448",0,1,0,1,1,0,1,0,1,0,0,1,1,0,0,1,0,1,1,0,0,1,0,1
"449",1,0,1,0,1,0,1,0,1,0,0,1,1,0,0,1,1,0,1,0,0,1,1,0
"450",1,0,0,1,0,1,0,1,0,1,1,0,0,1,0,1,0,1,1,0,1,0,1,0
"451",0,1,1,0,0,1,0,1,1,0,0,1,0,1,0,1,1,0,1,0,1,0,0,1
"452",0,1,0,1,0,1,1,0,0,1,1,0,0,1,0,1,0,1,1,0,0,1,0,1
"453",0,1,0,1,0,1,1,0,1,0,0,1,1,0,1,0,0,1,0,1,0,1,0,1
"454",0,1,0,1,1,0,1,0,0,1,0,1,0,1,1,0,0,1,1,0,0,1,0,1
"455",1,0,1,0,1,0,0,1,1,0,0,1,0,1,1,0,1,0,0,1,1,0,1,0
"456",1,0,0,1,1,0,0,1,1,0,1,0,1,0,0,1,1,0,0,1,0,1,0,1
"457",0,1,1,0,1,0,0,1,1,0,1,0,1,0,1,0,1,0,0,1,0,1,0,1
"458",1,0,1,0,1,0,0,1,1,0,0,1,1,0,0,1,0,1,0,1,0,1,1,0
"459",0,1,0,1,0,1,0,1,0,1,0,1,1,0,1,0,0,1,1,0,1,0,0,1
"460",1,0,1,0,1,0,0,1,0,1,0,1,1,0,0,1,0,1,1,0,0,1,1,0
"461",0,1,1,0,1,0,0,1,1,0,1,0,1,0,0,1,1,0,0,1,0,1,0,1
"462",1,0,1,0,0,1,1,0,0,1,1,0,1,0,1,0,1,0,1,0,1,0,1,0
"463",1,0,1,0,1,0,0,1,1,0,1,0,0,1,0,1,0,1,1,0,1,0,0,1
"464",0,1,0,1,1,0,1,0,0,1,1,0,1,0,1,0,0,1,0,1,0,1,0,1
"465",1,0,1,0,0,1,1,0,1,0,0,1,1,0,0,1,0,1,0,1,1,0,1,0
"466",0,1,1,0,1,0,0,1,0,1,1,0,0,1,1,0,0,1,1,0,0,1,1,0
"467",0,1,1,0,0,1,1,0,0,1,1,0,0,1,0,1,0,1,1,0,0,1,0,1
"468",0,1,1,0,1,0,1,0,0,1,1,0,1,0,0,1,1,0,0,1,0,1,1,0
"469",1,0,1,0,0,1,0,1,0,1,1,0,1,0,0,1,1,0,0,1,1,0,1,0
"470",0,1,1,0,1,0,0,1,0,1,1,0,1,0,0,1,0,1,1,0,1,0,1,0
"471",0,1,0,1,0,1,1,0,1,0,1,0,1,0,0,1,0,1,0,1,0,1,0,1
"472",1,0,1,0,0,1,0,1,0,1,0,1,0,1,1,0,0,1,1,0,0,1,1,0
"473",1,0,0,1,1,0,0,1,0,1,0,1,0,1,1,0,1,0,1,0,1,0,1,0
"474",1,0,1,0,0,1,0,1,0,1,0,1,0,1,1,0,0,1,1,0,0,1,0,1
"475",1,0,0,1,0,1,0,1,0,1,1,0,1,0,0,1,1,0,0,1,0,1,0,1
"476",1,0,1,0,0,1,1,0,1,0,0,1,0,1,1,0,0,1,0,1,0,1,1,0
"477",1,0,0,1,0,1,1,0,1,0,1,0,0,1,0,1,1,0,0,1,0,1,0,1
"478",0,1,1,0,0,1,0,1,1,0,0,1,0,1,1,0,0,1,0,1,1,0,0,1
"479",1,0,1,0,1,0,0,1,1,0,0,1,0,1,1,0,1,0,0,1,0,1,1,0
"480",0,1,1,0,0,1,0,1,0,1,1,0,1,0,0,1,1,0,1,0,1,0,0,1
"481",1,0,1,0,1,0,1,0,1,0,1,0,0,1,0,1,1,0,1,0,0,1,1,0
"482",1,0,1,0,1,0,1,0,1,0,1,0,1,0,1,0,0,1,1,0,1,0,1,0
"483",0,1,0,1,0,1,0,1,1,0,0,1,1,0,0,1,0,1,0,1,0,1,0,1
"484",1,0,1,0,0,1,1,0,1,0,1,0,0,1,1,0,1,0,1,0,1,0,1,0
"485",0,1,1,0,0,1,1,0,0,1,1,0,1,0,1,0,1,0,0,1,1,0,0,1
"486",1,0,0,1,1,0,0,1,1,0,0,1,1,0,0,1,0,1,1,0,1,0,1,0
"487",1,0,1,0,0,1,1,0,1,0,0,1,1,0,0,1,0,1,0,1,1,0,1,0
"488",1,0,0,1,1,0,1,0,1,0,1,0,1,0,1,0,0,1,0,1,0,1,0,1
"489",1,0,0,1,1,0,0,1,1,0,1,0,1,0,1,0,1,0,0,1,0,1,1,0
"490",1,0,1,0,0,1,1,0,1,0,0,1,0,1,0,1,1,0,0,1,0,1,0,1
"491",1,0,0,1,1,0,1,0,1,0,0,1,0,1,1,0,1,0,0,1,0,1,1,0
"492",0,1,1,0,0,1,0,1,1,0,1,0,0,1,1,0,1,0,0,1,1,0,0,1
"493",1,0,1,0,1,0,0,1,0,1,1,0,1,0,0,1,1,0,0,1,1,0,0,1
"494",1,0,0,1,1,0,1,0,1,0,0,1,1,0,1,0,0,1,1,0,0,1,1,0
"495",1,0,0,1,1,0,1,0,0,1,0,1,1,0,1,0,1,0,0,1,1,0,1,0
"496",0,1,0,1,1,0,0,1,1,0,1,0,0,1,0,1,1,0,1,0,0,1,0,1
"497",1,0,1,0,1,0,1,0,1,0,0,1,0,1,1,0,0,1,1,0,0,1,1,0
"498",0,1,1,0,1,0,1,0,0,1,1,0,0,1,1,0,1,0,1,0,0,1,1,0
"499",0,1,0,1,1,0,0,1,0,1,0,1,1,0,1,0,1,0,0,1,1,0,1,0
"500",1,0,0,1,1,0,0,1,0,1,0,1,1,0,1,0,1,0,1,0,0,1,1,0
"501",1,0,1,0,1,0,0,1,1,0,1,0,1,0,1,0,1,0,0,1,1,0,1,0
"502",0,1,0,1,1,0,0,1,0,1,0,1,0,1,0,1,1,0,1,0,0,1,0,1
"503",1,0,1,0,0,1,0,1,1,0,0,1,0,1,1,0,0,1,1,0,1,0,1,0
"504",0,1,0,1,0,1,1,0,0,1,1,0,1,0,1,0,0,1,0,1,1,0,0,1
"505",1,0,0,1,1,0,0,1,0,1,1,0,1,0,1,0,0,1,0,1,0,1,0,1
"506",0,1,0,1,1,0,1,0,0,1,1,0,0,1,0,1,0,1,1,0,0,1,0,1
"507",1,0,1,0,0,1,1,0,0,1,0,1,1,0,1,0,0,1,0,1,0,1,1,0
"508",0,1,0,1,0,1,0,1,0,1,0,1,0,1,1,0,0,1,0,1,0,1,0,1
"509",0,1,1,0,1,0,0,1,0,1,1,0,0,1,1,0,1,0,1,0,0,1,1,0
"510",0,1,0,1,0,1,1,0,1,0,0,1,0,1,1,0,1,0,0,1,1,0,1,0
"511",0,1,0,1,1,0,1,0,0,1,1,0,0,1,1,0,0,1,1,0,1,0,1,0
"512",0,1,0,1,1,0,1,0,0,1,1,0,0,1,1,0,0,1,1,0,0,1,1,0
"513",0,1,0,1,0,1,1,0,1,0,0,1,0,1,1,0,0,1,0,1,1,0,0,1
"514",0,1,0,1,1,0,0,1,0,1,1,0,0,1,1,0,0,1,1,0,1,0,1,0
"515",1,0,0,1,0,1,1,0,0,1,0,1,1,0,0,1,0,1,0,1,0,1,0,1
"516",0,1,1,0,1,0,1,0,0,1,0,1,1,0,1,0,1,0,1,0,1,0,1,0
"517",1,0,1,0,0,1,0,1,1,0,1,0,1,0,1,0,1,0,0,1,1,0,1,0
"518",0,1,0,1,1,0,0,1,1,0,0,1,0,1,0,1,1,0,1,0,0,1,0,1
"519",1,0,0,1,0,1,0,1,1,0,1,0,0,1,1,0,1,0,0,1,1,0,1,0
"520",0,1,1,0,0,1,1,0,1,0,0,1,1,0,1,0,1,0,0,1,1,0,0,1
"521",1,0,1,0,0,1,0,1,0,1,1,0,0,1,0,1,0,1,1,0,0,1,0,1
"522",0,1,0,1,0,1,0,1,0,1,0,1,0,1,1,0,0,1,0,1,1,0,0,1
"523",0,1,1,0,1,0,1,0,0,1,1,0,1,0,1,0,0,1,1,0,1,0,1,0
"524",1,0,1,0,1,0,1,0,1,0,0,1,0,1,1,0,0,1,0,1,0,1,0,1
"525",1,0,1,0,0,1,1,0,1,0,0,1,0,1,0,1,1,0,0,1,0,1,0,1
"526",1,0,0,1,0,1,1,0,1,0,1,0,1,0,0,1,1,0,1,0,0,1,0,1
"527",1,0,1,0,0,1,1,0,1,0,0,1,0,1,1,0,1,0,0,1,0,1,1,0
"528",0,1,0,1,0,1,1,0,0,1,0,1,1,0,1,0,0,1,1,0,0,1,0,1
"529",1,0,1,0,1,0,1,0,0,1,0,1,0,1,0,1,1,0,1,0,0,1,0,1
"530",1,0,0,1,0,1,0,1,0,1,1,0,0,1,1,0,0,1,1,0,1,0,0,1
"531",1,0,1,0,0,1,1,0,1,0,1,0,1,0,1,0,0,1,1,0,1,0,1,0
"532",1,0,1,0,0,1,0,1,0,1,1,0,0,1,1,0,1,0,0,1,1,0,1,0
"533",0,1,0,1,1,0,0,1,0,1,0,1,0,1,0,1,1,0,1,0,0,1,0,1
"534",0,1,1,0,1,0,1,0,1,0,1,0,0,1,1,0,0,1,0,1,0,1,0,1
"535",1,0,1,0,0,1,0,1,1,0,0,1,0,1,1,0,1,0,1,0,1,0,1,0
"536",0,1,1,0,1,0,0,1,0,1,1,0,0,1,1,0,0,1,0,1,1,0,0,1
"537",1,0,0,1,1,0,1,0,1,0,0,1,1,0,1,0,0,1,0,1,1,0,1,0
"538",0,1,0,1,1,0,1,0,1,0,0,1,1,0,0,1,0,1,0,1,1,0,0,1
"539",1,0,1,0,1,0,0,1,0,1,1,0,1,0,0,1,0,1,1,0,0,1,1,0
"540",1,0,0,1,1,0,1,0,0,1,1,0,0,1,1,0,0,1,0,1,1,0,0,1
"541",0,1,0,1,0,1,0,1,1,0,0,1,0,1,0,1,0,1,1,0,1,0,0,1
"542",0,1,0,1,0,1,1,0,1,0,1,0,1,0,0,1,0,1,1,0,0,1,0,1
"543",1,0,0,1,0,1,1,0,0,1,0,1,1,0,1,0,0,1,1,0,1,0,1,0
"544",1,0,1,0,1,0,0,1,0,1,0,1,1,0,0,1,0,1,0,1,0,1,0,1
"545",0,1,1,0,0,1,0,1,1,0,1,0,0,1,0,1,0,1,0,1,1,0,0,1
"546",1,0,0,1,1,0,1,0,1,0,0,1,1,0,0,1,0,1,0,1,0,1,1,0
"547",1,0,1,0,0,1,1,0,0,1,0,1,0,1,0,1,1,0,0,1,0,1,1,0
"548",1,0,1,0,1,0,1,0,0,1,1,0,0,1,1,0,0,1,0,1,1,0,1,0
"549",1,0,0,1,1,0,1,0,1,0,1,0,0,1,1,0,1,0,1,0,0,1,1,0
"550",0,1,0,1,1,0,0,1,1,0,0,1,1,0,1,0,1,0,1,0,0,1,0,1
"551",1,0,1,0,1,0,1,0,0,1,0,1,0,1,0,1,1,0,1,0,0,1,1,0
"552",0,1,0,1,0,1,1,0,1,0,0,1,1,0,0,1,0,1,0,1,1,0,0,1
"553",0,1,0,1,0,1,1,0,1,0,1,0,1,0,1,0,0,1,0,1,1,0,0,1
"554",0,1,0,1,1,0,0,1,1,0,1,0,1,0,0,1,0,1,1,0,0,1,0,1
"555",0,1,1,0,0,1,1,0,1,0,1,0,0,1,0,1,0,1,0,1,1,0,1,0
"556",0,1,0,1,0,1,0,1,0,1,0,1,1,0,1,0,0,1,1,0,1,0,0,1
"557",0,1,0,1,1,0,0,1,1,0,1,0,0,1,1,0,0,1,1,0,1,0,0,1
"558",1,0,1,0,0,1,0,1,1,0,1,0,1,0,0,1,0,1,0,1,1,0,0,1
"559",0,1,0,1,0,1,1,0,0,1,0,1,0,1,1,0,1,0,1,0,0,1,1,0
"560",0,1,1,0,0,1,0,1,0,1,0,1,1,0,1,0,0,1,0,1,1,0,0,1
"561",0,1,0,1,0,1,1,0,0,1,0,1,1,0,1,0,0,1,1,0,1,0,1,0
"562",1,0,0,1,1,0,1,0,1,0,1,0,1,0,0,1,0,1,0,1,1,0,1,0
"563",0,1,0,1,1,0,1,0,1,0,0,1,1,0,1,0,0,1,0,1,1,0,1,0
"564",0,1,1,0,1,0,0,1,1,0,1,0,0,1,1,0,1,0,0,1,0,1,0,1
"565",0,1,0,1,0,1,0,1,0,1,0,1,1,0,0,1,0,1,0,1,1,0,0,1
"566",0,1,0,1,0,1,1,0,0,1,0,1,0,1,1,0,0,1,1,0,0,1,1,0
"567",0,1,0,1,1,0,0,1,0,1,1,0,0,1,1,0,0,1,1,0,1,0,0,1
"568",0,1,1,0,0,1,1,0,1,0,0,1,0,1,1,0,1,0,0,1,0,1,1,0
"569",1,0,1,0,1,0,1,0,0,1,0,1,1,0,1,0,1,0,1,0,1,0,1,0
"570",1,0,1,0,1,0,1,0,0,1,1,0,1,0,1,0,0,1,0,1,0,1,0,1
"571",1,0,0,1,0,1,0,1,0,1,1,0,1,0,1,0,1,0,0,1,1,0,0,1
"572",0,1,1,0,0,1,1,0,0,1,0,1,1,0,1,0,0,1,1,0,0,1,1,0
"573",0,1,0,1,0,1,0,1,0,1,0,1,1,0,1,0,1,0,1,0,0,1,0,1
"574",0,1,0,1,0,1,0,1,1,0,1,0,1,0,1,0,1,0,1,0,1,0,1,0
"575",0,1,1,0,1,0,0,1,0,1,1,0,0,1,0,1,1,0,0,1,1,0,1,0
"576",1,0,1,0,1,0,0,1,1,0,0,1,0,1,0,1,1,0,1,0,0,1,1,0
"577",1,0,0,1,0,1,1,0,1,0,0,1,0,1,0,1,0,1,1,0,1,0,1,0
"578",1,0,1,0,0,1,0,1,0,1,1,0,0,1,0,1,1,0,1,0,1,0,1,0
"579",0,1,0,1,0,1,1,0,1,0,0,1,1,0,0,1,0,1,1,0,0,1,0,1
"580",1,0,1,0,0,1,0,1,0,1,0,1,1,0,0,1,0,1,0,1,1,0,1,0
"581",0,1,0,1,1,0,0,1,1,0,1,0,1,0,0,1,0,1,1,0,0,1,0,1
"582",0,1,0,1,0,1,1,0,1,0,0,1,1,0,1,0,0,1,0,1,0,1,0,1
"583",1,0,0,1,1,0,0,1,0,1,1,0,0,1,0,1,1,0,0,1,0,1,0,1
"584",1,0,0,1,1,0,0,1,0,1,0,1,0,1,0,1,1,0,1,0,1,0,1,0
"585",0,1,0,1,0,1,1,0,1,0,1,0,0,1,1,0,0,1,0,1,0,1,0,1
"586",0,1,0,1,1,0,0,1,0,1,0,1,1,0,1,0,1,0,0,1,1,0,1,0
"587",0,1,0,1,1,0,0,1,0,1,1,0,0,1,0,1,1,0,1,0,1,0,1,0
"588",0,1,0,1,1,0,0,1,0,1,1,0,0,1,0,1,1,0,0,1,0,1,0,1
"589",0,1,0,1,1,0,1,0,1,0,0,1,0,1,0,1,1,0,0,1,1,0,0,1
"590",0,1,0,1,0,1,0,1,1,0,1,0,0,1,0,1,1,0,1,0,0,1,0,1
"591",0,1,1,0,0,1,1,0,0,1,1,0,0,1,1,0,0,1,0,1,0,1,1,0
"592",0,1,1,0,0,1,0,1,0,1,1,0,1,0,0,1,1,0,1,0,1,0,0,1
"593",0,1,0,1,0,1,0,1,0,1,0,1,0,1,1,0,0,1,1,0,0,1,0,1
"594",1,0,0,1,0,1,1,0,1,0,1,0,1,0,1,0,0,1,0,1,0,1,0,1
"595",0,1,0,1,0,1,1,0,1,0,1,0,0,1,0,1,1,0,0,1,0,1,0,1
"596",1,0,0,1,1,0,0,1,1,0,0,1,0,1,1,0,0,1,0,1,0,1,0,1
"597",1,0,0,1,1,0,1,0,1,0,1,0,1,0,0,1,0,1,0,1,1,0,0,1
"598",1,0,1,0,0,1,1,0,1,0,1,0,0,1,1,0,0,1,1,0,0,1,1,0
"599",0,1,1,0,0,1,1,0,1,0,0,1,1,0,0,1,0,1,1,0,0,1,1,0
"600",1,0,0,1,0,1,1,0,1,0,0,1,0,1,1,0,1,0,1,0,1,0,1,0
"601",1,0,1,0,0,1,1,0,1,0,1,0,0,1,1,0,0,1,1,0,1,0,1,0
"602",0,1,0,1,0,1,1,0,0,1,1,0,0,1,0,1,0,1,0,1,1,0,0,1
"603",1,0,0,1,1,0,0,1,0,1,0,1,0,1,1,0,1,0,0,1,0,1,0,1
"604",1,0,0,1,0,1,0,1,1,0,0,1,0,1,1,0,0,1,0,1,0,1,0,1
"605",1,0,1,0,1,0,0,1,1,0,0,1,1,0,0,1,0,1,1,0,1,0,1,0
"606",0,1,1,0,0,1,0,1,0,1,1,0,0,1,1,0,1,0,0,1,0,1,0,1
"607",0,1,1,0,0,1,1,0,0,1,0,1,0,1,1,0,0,1,1,0,1,0,1,0
"608",1,0,1,0,1,0,0,1,0,1,1,0,0,1,0,1,0,1,1,0,0,1,0,1
"609",1,0,0,1,0,1,0,1,1,0,1,0,0,1,0,1,1,0,0,1,1,0,0,1
"610",1,0,0,1,1,0,0,1,0,1,1,0,1,0,1,0,1,0,0,1,1,0,0,1
"611",1,0,1,0,1,0,1,0,0,1,0,1,0,1,1,0,1,0,0,1,0,1,0,1
"612",0,1,1,0,1,0,0,1,1,0,0,1,0,1,1,0,1,0,0,1,1,0,1,0
"613",0,1,1,0,1,0,0,1,0,1,0,1,0,1,0,1,0,1,0,1,1,0,0,1
"614",1,0,0,1,0,1,1,0,0,1,0,1,0,1,0,1,0,1,1,0,0,1,1,0
"615",1,0,1,0,1,0,0,1,1,0,1,0,0,1,1,0,1,0,0,1,0,1,0,1
"616",1,0,0,1,0,1,0,1,1,0,0,1,0,1,1,0,1,0,1,0,1,0,1,0
"617",1,0,0,1,0,1,0,1,0,1,0,1,0,1,1,0,1,0,1,0,0,1,0,1
"618",1,0,0,1,0,1,0,1,0,1,0,1,0,1,0,1,0,1,1,0,1,0,1,0
"619",1,0,1,0,1,0,0,1,1,0,0,1,1,0,1,0,1,0,0,1,1,0,1,0
"620",0,1,0,1,0,1,0,1,0,1,1,0,1,0,0,1,0,1,0,1,0,1,0,1
"621",1,0,1,0,1,0,0,1,1,0,1,0,1,0,1,0,1,0,0,1,1,0,1,0
"622",1,0,0,1,1,0,1,0,1,0,1,0,0,1,1,0,1,0,1,0,0,1,1,0
"623",1,0,0,1,1,0,1,0,1,0,1,0,1,0,0,1,1,0,0,1,1,0,1,0
"624",0,1,0,1,1,0,0,1,0,1,1,0,0,1,1,0,1,0,1,0,1,0,1,0
"625",0,1,0,1,1,0,0,1,1,0,1,0,0,1,0,1,1,0,0,1,0,1,0,1
"626",1,0,0,1,1,0,0,1,0,1,0,1,0,1,0,1,0,1,0,1,0,1,0,1
"627",0,1,1,0,0,1,0,1,0,1,1,0,0,1,1,0,1,0,0,1,0,1,0,1
"628",0,1,0,1,1,0,1,0,0,1,0,1,1,0,0,1,0,1,1,0,1,0,1,0
"629",0,1,1,0,1,0,0,1,0,1,1,0,1,0,1,0,0,1,1,0,0,1,0,1
"630",1,0,0,1,1,0,1,0,1,0,1,0,0,1,1,0,0,1,0,1,1,0,0,1
"631",1,0,1,0,0,1,0,1,1,0,0,1,0,1,0,1,1,0,0,1,0,1,0,1
"632",1,0,1,0,1,0,1,0,1,0,1,0,0,1,0,1,1,0,0,1,1,0,1,0
"633",1,0,1,0,0,1,0,1,1,0,1,0,0,1,0,1,0,1,1,0,1,0,1,0
"634",0,1,0,1,0,1,1,0,0,1,0,1,0,1,1,0,0,1,0,1,0,1,0,1
"635",0,1,1,0,1,0,1,0,0,1,1,0,0,1,1,0,1,0,1,0,1,0,1,0
"636",1,0,1,0,0,1,1,0,0,1,1,0,0,1,1,0,0,1,1,0,1,0,1,0
"637",0,1,0,1,1,0,1,0,1,0,1,0,0,1,0,1,1,0,0,1,0,1,1,0
"638",1,0,0,1,0,1,0,1,0,1,1,0,0,1,0,1,0,1,1,0,0,1,0,1
"639",1,0,1,0,0,1,0,1,1,0,1,0,0,1,1,0,0,1,1,0,1,0,1,0
"640",1,0,1,0,0,1,0,1,0,1,0,1,1,0,0,1,0,1,0,1,0,1,0,1
"641",0,1,1,0,0,1,0,1,1,0,1,0,0,1,0,1,0,1,0,1,1,0,0,1
"642",0,1,0,1,0,1,0,1,0,1,1,0,1,0,0,1,1,0,0,1,1,0,0,1
"643",1,0,1,0,1,0,0,1,0,1,0,1,0,1,1,0,0,1,1,0,1,0,1,0
"644",1,0,0,1,0,1,0,1,0,1,0,1,1,0,1,0,1,0,0,1,0,1,0,1
"645",0,1,1,0,0,1,0,1,0,1,0,1,0,1,1,0,1,0,1,0,0,1,1,0
"646",1,0,1,0,1,0,0,1,1,0,1,0,1,0,0,1,0,1,0,1,1,0,0,1
"647",1,0,1,0,1,0,1,0,1,0,1,0,1,0,1,0,0,1,1,0,1,0,1,0
"648",0,1,0,1,0,1,0,1,0,1,1,0,0,1,0,1,0,1,0,1,0,1,0,1
"649",1,0,0,1,0,1,0,1,0,1,0,1,1,0,1,0,1,0,0,1,0,1,0,1
"650",0,1,1,0,0,1,1,0,0,1,0,1,0,1,1,0,1,0,1,0,0,1,1,0
"651",0,1,1,0,0,1,1,0,0,1,0,1,0,1,1,0,0,1,1,0,1,0,1,0
"652",0,1,0,1,1,0,0,1,1,0,0,1,1,0,1,0,1,0,0,1,1,0,1,0
"653",1,0,0,1,0,1,1,0,0,1,1,0,1,0,0,1,0,1,0,1,0,1,0,1
"654",0,1,1,0,0,1,1,0,1,0,0,1,0,1,0,1,1,0,0,1,1,0,0,1
"655",1,0,0,1,1,0,0,1,0,1,0,1,1,0,1,0,1,0,0,1,1,0,1,0
"656",0,1,1,0,1,0,1,0,0,1,0,1,1,0,0,1,1,0,0,1,1,0,0,1
"657",1,0,0,1,0,1,1,0,0,1,0,1,1,0,0,1,1,0,0,1,0,1,0,1
"658",1,0,0,1,1,0,0,1,1,0,0,1,0,1,1,0,1,0,0,1,1,0,1,0
"659",0,1,0,1,0,1,0,1,1,0,0,1,1,0,0,1,1,0,1,0,1,0,0,1
"660",1,0,1,0,0,1,1,0,0,1,0,1,1,0,0,1,0,1,1,0,1,0,1,0
"661",0,1,1,0,1,0,1,0,0,1,0,1,1,0,0,1,1,0,1,0,1,0,1,0
"662",1,0,0,1,0,1,0,1,0,1,1,0,0,1,0,1,1,0,0,1,0,1,0,1
"663",1,0,1,0,1,0,0,1,0,1,0,1,1,0,1,0,1,0,1,0,1,0,1,0
"664",1,0,1,0,1,0,1,0,1,0,1,0,0,1,0,1,0,1,1,0,1,0,1,0
"665",1,0,0,1,1,0,0,1,0,1,0,1,0,1,0,1,1,0,1,0,1,0,1,0
"666",1,0,1,0,1,0,1,0,1,0,1,0,0,1,0,1,0,1,0,1,0,1,1,0
"667",0,1,1,0,1,0,1,0,0,1,0,1,0,1,0,1,1,0,0,1,0,1,0,1
"668",0,1,0,1,1,0,0,1,1,0,0,1,1,0,1,0,1,0,1,0,1,0,1,0
"669",1,0,0,1,0,1,0,1,1,0,1,0,1,0,0,1,0,1,1,0,1,0,0,1
"670",1,0,0,1,0,1,0,1,0,1,0,1,0,1,0,1,1,0,0,1,0,1,0,1
"671",0,1,1,0,1,0,0,1,0,1,1,0,0,1,1,0,0,1,0,1,0,1,0,1
"672",1,0,0,1,1,0,0,1,1,0,1,0,0,1,0,1,0,1,1,0,0,1,0,1
"673",1,0,1,0,1,0,0,1,0,1,0,1,1,0,1,0,1,0,0,1,0,1,1,0
"674",0,1,1,0,0,1,1,0,0,1,1,0,0,1,0,1,0,1,1,0,0,1,0,1
"675",0,1,0,1,0,1,0,1,0,1,1,0,1,0,1,0,0,1,1,0,1,0,0,1
"676",1,0,0,1,0,1,0,1,1,0,0,1,0,1,1,0,1,0,0,1,0,1,0,1
"677",1,0,0,1,1,0,1,0,1,0,0,1,0,1,0,1,0,1,0,1,0,1,1,0
"678",0,1,0,1,1,0,0,1,0,1,1,0,0,1,0,1,1,0,1,0,1,0,0,1
"679",1,0,0,1,0,1,1,0,1,0,0,1,1,0,1,0,0,1,0,1,0,1,0,1
"680",0,1,1,0,1,0,1,0,0,1,1,0,0,1,0,1,1,0,0,1,0,1,0,1
"681",0,1,1,0,1,0,1,0,0,1,1,0,0,1,0,1,0,1,1,0,0,1,1,0
"682",1,0,1,0,0,1,1,0,0,1,0,1,1,0,1,0,0,1,1,0,0,1,1,0
"683",1,0,0,1,0,1,1,0,1,0,0,1,0,1,1,0,0,1,1,0,0,1,1,0
"684",1,0,0,1,0,1,0,1,0,1,1,0,0,1,1,0,1,0,1,0,0,1,1,0
"685",0,1,1,0,0,1,0,1,1,0,0,1,1,0,0,1,0,1,0,1,0,1,0,1
"686",0,1,1,0,0,1,1,0,1,0,0,1,1,0,1,0,1,0,1,0,0,1,1,0
"687",1,0,0,1,0,1,0,1,0,1,0,1,0,1,0,1,0,1,0,1,0,1,0,1
"688",0,1,0,1,0,1,0,1,1,0,0,1,0,1,1,0,0,1,0,1,0,1,0,1
"689",1,0,0,1,0,1,0,1,0,1,0,1,1,0,1,0,0,1,0,1,1,0,0,1
"690",0,1,0,1,0,1,0,1,0,1,0,1,1,0,1,0,0,1,1,0,0,1,0,1
"691",1,0,1,0,0,1,0,1,1,0,1,0,0,1,0,1,1,0,1,0,1,0,1,0
"692",1,0,0,1,0,1,0,1,0,1,1,0,1,0,1,0,1,0,0,1,0,1,0,1
"693",0,1,1,0,0,1,0,1,0,1,1,0,0,1,0,1,0,1,1,0,0,1,0,1
"694",1,0,1,0,0,1,1,0,0,1,1,0,0,1,1,0,0,1,0,1,0,1,0,1
"695",0,1,0,1,1,0,0,1,1,0,1,0,1,0,0,1,0,1,1,0,0,1,0,1
"696",1,0,0,1,1,0,0,1,1,0,1,0,0,1,1,0,1,0,1,0,1,0,1,0
"697",1,0,0,1,0,1,0,1,1,0,0,1,0,1,0,1,1,0,1,0,1,0,0,1
"698",1,0,0,1,0,1,0,1,0,1,1,0,1,0,0,1,1,0,1,0,1,0,1,0
"699",0,1,0,1,0,1,0,1,0,1,0,1,0,1,0,1,0,1,0,1,1,0,0,1
"700",1,0,1,0,0,1,1,0,1,0,0,1,1,0,1,0,1,0,1,0,0,1,1,0
"701",0,1,0,1,0,1,0,1,1,0,1,0,1,0,0,1,0,1,1,0,1,0,0,1
"702",1,0,0,1,0,1,0,1,0,1,1,0,0,1,1,0,0,1,0,1,1,0,0,1
"703",1,0,0,1,1,0,1,0,0,1,0,1,0,1,0,1,0,1,1,0,1,0,0,1
"704",1,0,1,0,1,0,1,0,1,0,1,0,0,1,1,0,0,1,1,0,0,1,0,1
"705",0,1,1,0,0,1,1,0,0,1,1,0,0,1,1,0,1,0,0,1,0,1,0,1
"706",1,0,0,1,0,1,0,1,1,0,1,0,0,1,0,1,1,0,1,0,1,0,0,1
"707",0,1,1,0,0,1,0,1,1,0,0,1,1,0,1,0,1,0,0,1,0,1,1,0
"708",0,1,1,0,0,1,0,1,0,1,0,1,0,1,0,1,0,1,1,0,1,0,1,0
"709",0,1,1,0,1,0,0,1,1,0,1,0,1,0,0,1,0,1,1,0,0,1,0,1
"710",0,1,1,0,1,0,1,0,0,1,1,0,1,0,0,1,0,1,1,0,1,0,1,0
"711",1,0,0,1,0,1,0,1,1,0,1,0,0,1,1,0,0,1,1,0,1,0,0,1
"712",0,1,0,1,1,0,0,1,0,1,0,1,1,0,1,0,0,1,0,1,0,1,0,1
"713",1,0,0,1,1,0,0,1,1,0,0,1,0,1,0,1,0,1,1,0,1,0,1,0
"714",1,0,0,1,0,1,0,1,1,0,1,0,1,0,0,1,0,1,1,0,1,0,0,1
"715",1,0,0,1,1,0,1,0,1,0,0,1,1,0,0,1,1,0,1,0,1,0,1,0
"716",1,0,1,0,0,1,1,0,0,1,0,1,0,1,1,0,0,1,1,0,1,0,0,1
"717",0,1,1,0,0,1,0,1,0,1,0,1,1,0,0,1,0,1,1,0,1,0,1,0
"718",1,0,0,1,0,1,0,1,0,1,1,0,1,0,0,1,1,0,1,0,0,1,0,1
"719",0,1,0,1,0,1,0,1,0,1,1,0,1,0,0,1,1,0,1,0,1,0,0,1
"720",0,1,0,1,1,0,0,1,1,0,0,1,0,1,1,0,0,1,0,1,0,1,0,1
"721",1,0,1,0,1,0,0,1,1,0,1,0,0,1,0,1,1,0,1,0,0,1,1,0
"722",1,0,1,0,1,0,1,0,0,1,1,0,1,0,0,1,0,1,1,0,1,0,0,1
"723",0,1,0,1,1,0,0,1,0,1,0,1,1,0,1,0,1,0,1,0,0,1,1,0
"724",0,1,1,0,0,1,0,1,1,0,0,1,1,0,1,0,1,0,1,0,0,1,1,0
"725",1,0,1,0,0,1,1,0,1,0,1,0,0,1,0,1,1,0,1,0,1,0,1,0
"726",1,0,0,1,1,0,1,0,0,1,1,0,0,1,1,0,0,1,0,1,0,1,1,0
"727",0,1,0,1,1,0,1,0,1,0,1,0,0,1,0,1,1,0,0,1,0,1,1,0
"728",0,1,1,0,0,1,0,1,1,0,1,0,1,0,0,1,0,1,0,1,0,1,0,1
"729",1,0,0,1,0,1,1,0,1,0,0,1,1,0,0,1,1,0,1,0,1,0,1,0
"730",0,1,0,1,0,1,0,1,0,1,1,0,1,0,1,0,0,1,0,1,0,1,0,1
"731",0,1,0,1,1,0,0,1,1,0,1,0,1,0,0,1,0,1,0,1,0,1,0,1
"732",1,0,1,0,0,1,1,0,0,1,1,0,0,1,0,1,0,1,0,1,1,0,0,1
"733",1,0,0,1,0,1,0,1,1,0,1,0,0,1,0,1,1,0,0,1,0,1,0,1
"734",1,0,0,1,1,0,1,0,1,0,0,1,1,0,0,1,0,1,1,0,1,0,0,1
"735",1,0,0,1,1,0,0,1,0,1,0,1,0,1,1,0,0,1,1,0,0,1,0,1
"736",1,0,0,1,0,1,0,1,0,1,0,1,1,0,1,0,1,0,0,1,0,1,0,1
"737",1,0,1,0,1,0,0,1,0,1,0,1,0,1,1,0,0,1,0,1,0,1,0,1
"738",0,1,1,0,0,1,1,0,1,0,0,1,0,1,1,0,0,1,0,1,1,0,1,0
"739",1,0,0,1,0,1,1,0,1,0,1,0,0,1,1,0,1,0,0,1,0,1,1,0
"740",1,0,0,1,0,1,0,1,1,0,1,0,0,1,1,0,1,0,0,1,1,0,0,1
"741",1,0,1,0,1,0,0,1,0,1,0,1,0,1,0,1,1,0,0,1,0,1,0,1
"742",0,1,1,0,1,0,1,0,1,0,1,0,1,0,0,1,1,0,1,0,1,0,1,0
"743",1,0,0,1,0,1,0,1,1,0,1,0,0,1,1,0,0,1,1,0,0,1,0,1
"744",1,0,0,1,1,0,0,1,0,1,0,1,1,0,0,1,1,0,1,0,0,1,1,0
"745",1,0,0,1,0,1,0,1,1,0,0,1,1,0,1,0,1,0,1,0,1,0,1,0
"746",0,1,1,0,1,0,1,0,1,0,1,0,1,0,0,1,1,0,1,0,0,1,1,0
"747",0,1,0,1,0,1,1,0,1,0,1,0,0,1,1,0,1,0,1,0,1,0,1,0
"748",1,0,0,1,1,0,0,1,1,0,1,0,0,1,1,0,0,1,1,0,1,0,1,0
"749",0,1,1,0,1,0,1,0,1,0,1,0,0,1,1,0,0,1,1,0,1,0,1,0
"750",1,0,0,1,0,1,1,0,1,0,0,1,1,0,1,0,1,0,0,1,1,0,1,0
"751",1,0,1,0,1,0,1,0,1,0,0,1,0,1,0,1,1,0,0,1,1,0,1,0
"752",1,0,0,1,1,0,0,1,1,0,1,0,0,1,0,1,1,0,0,1,0,1,0,1
"753",0,1,1,0,1,0,1,0,1,0,0,1,0,1,0,1,1,0,0,1,0,1,1,0
"754",1,0,0,1,0,1,0,1,0,1,0,1,1,0,1,0,1,0,1,0,1,0,1,0
"755",1,0,1,0,0,1,0,1,1,0,0,1,1,0,0,1,0,1,1,0,0,1,0,1
"756",0,1,0,1,0,1,1,0,0,1,0,1,0,1,1,0,0,1,1,0,0,1,0,1
"757",0,1,1,0,1,0,0,1,1,0,1,0,1,0,0,1,1,0,1,0,1,0,1,0
"758",1,0,1,0,0,1,1,0,1,0,1,0,1,0,0,1,0,1,0,1,0,1,1,0
"759",0,1,0,1,1,0,0,1,0,1,0,1,1,0,1,0,0,1,0,1,1,0,1,0
"760",1,0,1,0,1,0,0,1,0,1,0,1,0,1,0,1,0,1,1,0,1,0,1,0
"761",1,0,1,0,1,0,1,0,1,0,0,1,0,1,1,0,0,1,1,0,0,1,1,0
"762",0,1,0,1,0,1,1,0,0,1,0,1,0,1,1,0,1,0,0,1,1,0,0,1
"763",0,1,0,1,1,0,0,1,0,1,1,0,1,0,1,0,0,1,1,0,0,1,0,1
"764",1,0,1,0,1,0,0,1,1,0,1,0,1,0,1,0,1,0,1,0,0,1,1,0
"765",1,0,0,1,0,1,0,1,1,0,1,0,0,1,0,1,1,0,1,0,1,0,0,1
"766",0,1,1,0,1,0,1,0,1,0,1,0,0,1,1,0,0,1,1,0,1,0,1,0
"767",0,1,0,1,0,1,1,0,0,1,0,1,0,1,1,0,0,1,0,1,1,0,0,1
"768",0,1,0,1,1,0,0,1,1,0,1,0,1,0,1,0,0,1,1,0,1,0,0,1
"769",1,0,0,1,1,0,0,1,1,0,0,1,0,1,1,0,0,1,0,1,1,0,1,0
"770",1,0,0,1,0,1,0,1,1,0,1,0,1,0,1,0,1,0,0,1,1,0,1,0
"771",1,0,1,0,0,1,0,1,0,1,0,1,0,1,0,1,1,0,1,0,0,1,1,0
"772",0,1,1,0,1,0,1,0,0,1,0,1,0,1,1,0,1,0,1,0,1,0,1,0
"773",1,0,0,1,1,0,0,1,1,0,0,1,1,0,0,1,1,0,1,0,0,1,0,1
"774",0,1,0,1,1,0,1,0,1,0,0,1,1,0,1,0,1,0,0,1,0,1,0,1
"775",0,1,1,0,1,0,0,1,0,1,0,1,0,1,1,0,1,0,1,0,0,1,0,1
"776",1,0,1,0,0,1,0,1,0,1,1,0,0,1,0,1,1,0,1,0,0,1,1,0
"777",1,0,1,0,1,0,1,0,1,0,0,1,1,0,1,0,0,1,1,0,0,1,1,0
"778",0,1,0,1,1,0,1,0,0,1,0,1,0,1,1,0,0,1,1,0,0,1,0,1
"779",1,0,1,0,1,0,0,1,0,1,1,0,0,1,0,1,1,0,0,1,1,0,0,1
"780",0,1,0,1,1,0,1,0,0,1,0,1,0,1,1,0,0,1,0,1,0,1,1,0
"781",0,1,0,1,1,0,1,0,0,1,0,1,0,1,1,0,0,1,1,0,1,0,1,0
"782",0,1,0,1,1,0,1,0,1,0,1,0,1,0,1,0,1,0,0,1,0,1,1,0
"783",1,0,1,0,1,0,0,1,1,0,1,0,0,1,0,1,1,0,0,1,0,1,0,1
"784",1,0,0,1,1,0,1,0,1,0,0,1,0,1,0,1,0,1,1,0,1,0,1,0
"785",0,1,0,1,1,0,1,0,1,0,0,1,1,0,1,0,1,0,1,0,1,0,1,0
"786",1,0,1,0,1,0,1,0,1,0,1,0,0,1,0,1,0,1,1,0,0,1,1,0
"787",0,1,0,1,1,0,0,1,1,0,1,0,1,0,0,1,1,0,0,1,1,0,1,0
"788",0,1,1,0,1,0,1,0,0,1,1,0,0,1,1,0,0,1,0,1,0,1,1,0
"789",1,0,0,1,0,1,1,0,1,0,1,0,1,0,1,0,0,1,1,0,1,0,1,0
"790",0,1,0,1,1,0,1,0,0,1,0,1,0,1,1,0,0,1,1,0,0,1,0,1
"791",1,0,0,1,1,0,0,1,1,0,0,1,1,0,0,1,1,0,0,1,0,1,1,0
"792",0,1,1,0,1,0,1,0,1,0,0,1,0,1,0,1,0,1,0,1,0,1,0,1
"793",1,0,0,1,1,0,1,0,1,0,1,0,0,1,0,1,1,0,1,0,0,1,1,0
"794",1,0,1,0,1,0,0,1,1,0,1,0,1,0,0,1,0,1,0,1,0,1,1,0
"795",1,0,0,1,1,0,0,1,1,0,0,1,0,1,0,1,0,1,1,0,0,1,0,1
"796",0,1,0,1,0,1,0,1,0,1,0,1,0,1,0,1,0,1,1,0,1,0,0,1
"797",1,0,1,0,1,0,1,0,1,0,1,0,0,1,0,1,1,0,0,1,1,0,1,0
"798",1,0,0,1,1,0,0,1,0,1,1,0,0,1,1,0,1,0,0,1,0,1,1,0
"799",1,0,0,1,1,0,1,0,1,0,0,1,0,1,0,1,1,0,1,0,0,1,0,1
"800",0,1,1,0,0,1,0,1,0,1,1,0,1,0,1,0,1,0,0,1,1,0,0,1
"801",0,1,0,1,0,1,0,1,1,0,0,1,0,1,1,0,0,1,1,0,1,0,0,1
"802",0,1,0,1,0,1,0,1,1,0,0,1,1,0,1,0,1,0,1,0,0,1,1,0
"803",1,0,0,1,1,0,0,1,1,0,0,1,0,1,0,1,0,1,0,1,1,0,0,1
"804",1,0,0,1,0,1,0,1,0,1,1,0,0,1,0,1,0,1,1,0,0,1,0,1
"805",0,1,0,1,1,0,0,1,0,1,0,1,0,1,0,1,1,0,1,0,0,1,0,1
"806",1,0,1,0,0,1,1,0,1,0,1,0,1,0,1,0,0,1,1,0,0,1,1,0
"807",0,1,1,0,1,0,1,0,0,1,1,0,0,1,0,1,1,0,1,0,1,0,1,0
"808",0,1,0,1,0,1,0,1,1,0,0,1,0,1,0,1,1,0,0,1,0,1,0,1
"809",0,1,0,1,1,0,1,0,1,0,0,1,1,0,1,0,0,1,1,0,1,0,1,0
"810",1,0,0,1,1,0,1,0,0,1,0,1,0,1,0,1,1,0,0,1,1,0,1,0
"811",0,1,1,0,0,1,1,0,0,1,0,1,1,0,0,1,0,1,1,0,1,0,1,0
"812",0,1,1,0,0,1,1,0,1,0,1,0,1,0,0,1,1,0,0,1,0,1,0,1
"813",0,1,1,0,1,0,1,0,0,1,1,0,0,1,0,1,0,1,0,1,0,1,0,1
"814",1,0,1,0,1,0,1,0,1,0,0,1,0,1,0,1,0,1,1,0,1,0,1,0
"815",0,1,0,1,0,1,1,0,0,1,0,1,1,0,0,1,1,0,0,1,1,0,0,1
"816",0,1,0,1,1,0,1,0,1,0,0,1,1,0,1,0,1,0,1,0,1,0,1,0
"817",0,1,1,0,1,0,1,0,1,0,0,1,0,1,0,1,1,0,0,1,0,1,1,0
"818",1,0,1,0,1,0,0,1,1,0,1,0,1,0,1,0,1,0,1,0,1,0,1,0
"819",1,0,1,0,1,0,1,0,0,1,1,0,1,0,0,1,0,1,0,1,1,0,0,1
"820",0,1,1,0,1,0,0,1,0,1,0,1,0,1,1,0,1,0,0,1,0,1,1,0
"821",0,1,0,1,1,0,0,1,1,0,0,1,1,0,1,0,1,0,0,1,0,1,1,0
"822",1,0,1,0,1,0,0,1,0,1,1,0,1,0,0,1,0,1,0,1,0,1,0,1
"823",0,1,0,1,0,1,0,1,0,1,1,0,0,1,1,0,0,1,1,0,1,0,0,1
"824",0,1,0,1,0,1,1,0,0,1,1,0,0,1,1,0,1,0,0,1,0,1,0,1
"825",0,1,0,1,1,0,1,0,0,1,1,0,1,0,0,1,1,0,0,1,1,0,1,0
"826",1,0,0,1,1,0,0,1,1,0,1,0,0,1,0,1,0,1,1,0,0,1,0,1
"827",1,0,1,0,0,1,0,1,1,0,0,1,1,0,0,1,1,0,1,0,1,0,1,0
"828",1,0,0,1,0,1,0,1,1,0,1,0,1,0,0,1,0,1,0,1,0,1,0,1
"829",1,0,0,1,0,1,0,1,0,1,0,1,1,0,1,0,1,0,0,1,1,0,0,1
"830",0,1,0,1,1,0,1,0,0,1,1,0,0,1,0,1,1,0,0,1,1,0,0,1
"831",1,0,0,1,1,0,0,1,0,1,1,0,0,1,1,0,1,0,0,1,0,1,1,0
"832",1,0,1,0,0,1,1,0,1,0,1,0,1,0,0,1,0,1,1,0,0,1,1,0
"833",1,0,1,0,1,0,0,1,1,0,0,1,0,1,0,1,1,0,0,1,0,1,1,0
"834",1,0,1,0,1,0,0,1,1,0,0,1,1,0,0,1,1,0,0,1,0,1,1,0
"835",1,0,1,0,0,1,0,1,0,1,1,0,1,0,1,0,0,1,1,0,0,1,0,1
"836",1,0,1,0,0,1,1,0,0,1,0,1,0,1,0,1,0,1,1,0,1,0,1,0
"837",0,1,0,1,0,1,1,0,0,1,0,1,0,1,1,0,1,0,1,0,1,0,1,0
"838",0,1,0,1,0,1,0,1,1,0,1,0,1,0,1,0,0,1,0,1,1,0,0,1
"839",0,1,0,1,0,1,1,0,1,0,1,0,1,0,0,1,1,0,1,0,1,0,1,0
"840",0,1,0,1,1,0,1,0,1,0,0,1,1,0,1,0,1,0,1,0,0,1,1,0
"841",0,1,0,1,1,0,0,1,1,0,1,0,1,0,1,0,1,0,1,0,1,0,0,1
"842",1,0,0,1,0,1,0,1,0,1,1,0,0,1,0,1,1,0,0,1,0,1,0,1
"843",0,1,1,0,1,0,0,1,1,0,0,1,0,1,1,0,0,1,0,1,0,1,0,1
"844",0,1,0,1,1,0,0,1,1,0,0,1,1,0,1,0,0,1,1,0,1,0,0,1
"845",1,0,1,0,0,1,0,1,0,1,0,1,1,0,0,1,0,1,1,0,0,1,0,1
"846",0,1,0,1,1,0,0,1,1,0,1,0,0,1,1,0,1,0,1,0,0,1,0,1
"847",1,0,0,1,1,0,1,0,0,1,0,1,0,1,0,1,1,0,1,0,0,1,0,1
"848",0,1,1,0,1,0,1,0,1,0,1,0,1,0,0,1,1,0,1,0,1,0,1,0
"849",1,0,0,1,1,0,1,0,1,0,1,0,1,0,0,1,1,0,1,0,1,0,1,0
"850",1,0,0,1,1,0,1,0,1,0,1,0,0,1,1,0,1,0,0,1,0,1,1,0
"851",0,1,0,1,1,0,1,0,0,1,1,0,0,1,1,0,0,1,0,1,1,0,1,0
"852",1,0,0,1,0,1,0,1,0,1,1,0,1,0,1,0,1,0,0,1,0,1,0,1
"853",1,0,0,1,0,1,1,0,1,0,0,1,0,1,1,0,0,1,0,1,1,0,1,0
"854",1,0,1,0,0,1,0,1,1,0,0,1,0,1,1,0,1,0,1,0,1,0,1,0
"855",1,0,0,1,0,1,0,1,1,0,1,0,1,0,0,1,1,0,0,1,0,1,0,1
"856",1,0,0,1,0,1,1,0,0,1,0,1,1,0,1,0,1,0,0,1,1,0,1,0
"857",1,0,1,0,1,0,0,1,0,1,0,1,0,1,0,1,1,0,1,0,0,1,0,1
"858",1,0,1,0,1,0,0,1,0,1,1,0,0,1,1,0,1,0,1,0,0,1,1,0
"859",1,0,1,0,0,1,1,0,0,1,1,0,1,0,0,1,0,1,1,0,0,1,1,0
"860",0,1,0,1,0,1,1,0,1,0,1,0,1,0,1,0,1,0,0,1,0,1,1,0
"861",1,0,1,0,1,0,1,0,1,0,0,1,1,0,1,0,1,0,0,1,0,1,1,0
"862",0,1,1,0,0,1,0,1,1,0,0,1,0,1,0,1,1,0,0,1,0,1,0,1
"863",1,0,1,0,1,0,1,0,1,0,0,1,1,0,0,1,0,1,1,0,1,0,1,0
"864",1,0,0,1,0,1,0,1,0,1,0,1,0,1,0,1,1,0,0,1,0,1,0,1
"865",0,1,0,1,0,1,1,0,0,1,0,1,1,0,1,0,0,1,1,0,1,0,0,1
"866",0,1,0,1,1,0,0,1,1,0,1,0,0,1,0,1,1,0,1,0,0,1,0,1
"867",1,0,0,1,1,0,0,1,1,0,0,1,0,1,0,1,1,0,1,0,0,1,0,1
"868",1,0,0,1,1,0,1,0,1,0,0,1,0,1,0,1,1,0,0,1,1,0,1,0
"869",0,1,1,0,1,0,0,1,1,0,0,1,0,1,1,0,1,0,0,1,1,0,1,0
"870",1,0,0,1,1,0,0,1,0,1,0,1,1,0,1,0,1,0,0,1,0,1,0,1
"871",0,1,1,0,1,0,0,1,0,1,0,1,0,1,1,0,1,0,0,1,1,0,1,0
"872",0,1,1,0,1,0,0,1,0,1,0,1,1,0,1,0,0,1,0,1,1,0,0,1
"873",1,0,0,1,0,1,1,0,1,0,1,0,1,0,0,1,0,1,0,1,0,1,0,1
"874",0,1,1,0,0,1,0,1,1,0,0,1,1,0,1,0,0,1,1,0,1,0,1,0
"875",0,1,1,0,0,1,1,0,1,0,0,1,0,1,1,0,0,1,0,1,0,1,0,1
"876",1,0,0,1,1,0,0,1,0,1,1,0,1,0,1,0,0,1,1,0,1,0,1,0
"877",1,0,1,0,1,0,1,0,0,1,0,1,0,1,0,1,1,0,0,1,0,1,0,1
"878",0,1,0,1,0,1,1,0,0,1,0,1,0,1,1,0,1,0,0,1,0,1,0,1
"879",1,0,0,1,1,0,0,1,0,1,1,0,1,0,0,1,0,1,0,1,0,1,0,1
"880",0,1,0,1,0,1,1,0,1,0,1,0,1,0,1,0,1,0,1,0,0,1,0,1
"881",0,1,0,1,1,0,0,1,1,0,1,0,1,0,0,1,0,1,1,0,1,0,0,1
"882",1,0,0,1,0,1,1,0,0,1,0,1,1,0,0,1,1,0,1,0,1,0,0,1
"883",0,1,1,0,0,1,0,1,0,1,0,1,1,0,1,0,1,0,0,1,0,1,0,1
"884",1,0,0,1,0,1,0,1,0,1,1,0,1,0,1,0,1,0,0,1,0,1,0,1
"885",1,0,0,1,0,1,1,0,1,0,1,0,1,0,0,1,1,0,0,1,1,0,0,1
"886",0,1,1,0,1,0,0,1,0,1,1,0,1,0,1,0,0,1,0,1,0,1,0,1
"887",1,0,0,1,0,1,1,0,1,0,1,0,0,1,1,0,1,0,1,0,1,0,1,0
"888",0,1,0,1,0,1,0,1,0,1,1,0,1,0,0,1,1,0,1,0,0,1,0,1
"889",1,0,1,0,1,0,0,1,0,1,0,1,1,0,1,0,0,1,1,0,0,1,1,0
"890",1,0,0,1,1,0,1,0,1,0,0,1,1,0,1,0,1,0,1,0,1,0,1,0
"891",0,1,1,0,1,0,1,0,1,0,1,0,0,1,0,1,1,0,0,1,0,1,1,0
"892",0,1,1,0,1,0,0,1,1,0,1,0,1,0,1,0,0,1,1,0,1,0,1,0
"893",0,1,0,1,1,0,1,0,0,1,0,1,0,1,0,1,1,0,1,0,0,1,0,1
"894",1,0,0,1,1,0,1,0,0,1,1,0,0,1,1,0,1,0,0,1,1,0,1,0
"895",1,0,0,1,1,0,0,1,1,0,0,1,1,0,0,1,1,0,1,0,0,1,0,1
"896",0,1,0,1,0,1,0,1,0,1,1,0,0,1,0,1,0,1,0,1,0,1,0,1
"897",0,1,1,0,1,0,0,1,1,0,0,1,0,1,1,0,0,1,0,1,1,0,1,0
"898",0,1,0,1,1,0,0,1,0,1,1,0,0,1,0,1,1,0,0,1,0,1,0,1
"899",0,1,1,0,0,1,1,0,1,0,0,1,0,1,1,0,0,1,1,0,0,1,1,0
"900",0,1,1,0,1,0,1,0,1,0,1,0,1,0,0,1,0,1,0,1,1,0,1,0
"901",0,1,0,1,1,0,1,0,0,1,0,1,0,1,1,0,0,1,0,1,0,1,1,0
"902",1,0,0,1,1,0,1,0,1,0,0,1,0,1,1,0,0,1,1,0,1,0,1,0
"903",1,0,0,1,0,1,0,1,0,1,0,1,0,1,1,0,1,0,0,1,0,1,0,1
"904",1,0,1,0,1,0,0,1,0,1,0,1,0,1,0,1,0,1,0,1,0,1,0,1
"905",1,0,0,1,1,0,0,1,1,0,0,1,0,1,0,1,1,0,0,1,1,0,1,0
"906",0,1,1,0,1,0,1,0,1,0,0,1,0,1,0,1,0,1,1,0,0,1,0,1
"907",1,0,1,0,0,1,0,1,0,1,0,1,1,0,0,1,0,1,0,1,1,0,1,0
"908",0,1,0,1,1,0,1,0,1,0,1,0,0,1,1,0,1,0,0,1,0,1,1,0
"909",0,1,0,1,1,0,1,0,0,1,0,1,0,1,1,0,0,1,0,1,1,0,0,1
"910",1,0,0,1,0,1,0,1,1,0,1,0,1,0,0,1,1,0,0,1,1,0,0,1
"911",0,1,1,0,1,0,0,1,0,1,0,1,0,1,1,0,0,1,0,1,1,0,1,0
"912",0,1,0,1,1,0,1,0,1,0,0,1,0,1,1,0,0,1,1,0,0,1,1,0
"913",0,1,1,0,1,0,1,0,1,0,0,1,1,0,1,0,0,1,1,0,0,1,1,0
"914",1,0,0,1,1,0,0,1,0,1,1,0,1,0,1,0,0,1,1,0,0,1,0,1
"915",1,0,1,0,0,1,0,1,1,0,1,0,1,0,1,0,0,1,1,0,0,1,1,0
"916",0,1,1,0,1,0,0,1,0,1,1,0,0,1,0,1,0,1,1,0,1,0,1,0
"917",1,0,1,0,0,1,0,1,0,1,0,1,1,0,1,0,0,1,0,1,0,1,0,1
"918",1,0,0,1,0,1,1,0,0,1,0,1,0,1,0,1,0,1,1,0,1,0,0,1
"919",0,1,0,1,0,1,0,1,0,1,1,0,0,1,0,1,0,1,0,1,1,0,0,1
"920",0,1,0,1,0,1,1,0,1,0,1,0,0,1,0,1,1,0,0,1,1,0,0,1
"921",1,0,1,0,0,1,1,0,1,0,1,0,1,0,1,0,1,0,1,0,1,0,1,0
"922",0,1,1,0,0,1,1,0,0,1,1,0,0,1,1,0,0,1,0,1,1,0,0,1
"923",1,0,0,1,0,1,1,0,0,1,0,1,1,0,1,0,0,1,1,0,0,1,0,1
"924",0,1,1,0,0,1,1,0,0,1,0,1,1,0,0,1,1,0,0,1,1,0,0,1
"925",0,1,1,0,1,0,1,0,0,1,1,0,0,1,0,1,1,0,1,0,1,0,1,0
"926",1,0,1,0,0,1,0,1,0,1,1,0,1,0,0,1,1,0,1,0,1,0,1,0
"927",0,1,1,0,0,1,1,0,1,0,1,0,1,0,1,0,0,1,0,1,1,0,0,1
"928",1,0,1,0,0,1,0,1,1,0,1,0,1,0,1,0,0,1,1,0,1,0,0,1
"929",0,1,1,0,1,0,1,0,1,0,1,0,0,1,0,1,0,1,1,0,1,0,1,0
"930",0,1,1,0,0,1,0,1,0,1,0,1,1,0,1,0,0,1,1,0,1,0,1,0
"931",1,0,1,0,1,0,1,0,0,1,1,0,1,0,0,1,0,1,0,1,0,1,1,0
"932",1,0,1,0,0,1,0,1,1,0,1,0,1,0,0,1,0,1,1,0,0,1,0,1
"933",0,1,0,1,1,0,1,0,0,1,1,0,1,0,0,1,0,1,1,0,0,1,0,1
"934",0,1,0,1,0,1,0,1,1,0,0,1,1,0,0,1,1,0,0,1,1,0,0,1
"935",1,0,1,0,0,1,0,1,0,1,0,1,1,0,1,0,0,1,1,0,0,1,1,0
"936",1,0,0,1,1,0,0,1,1,0,0,1,1,0,0,1,1,0,0,1,0,1,1,0
"937",1,0,1,0,1,0,0,1,0,1,1,0,0,1,1,0,0,1,0,1,1,0,1,0
"938",1,0,1,0,0,1,0,1,1,0,1,0,1,0,1,0,1,0,0,1,0,1,0,1
"939",1,0,1,0,1,0,1,0,1,0,1,0,1,0,1,0,0,1,1,0,0,1,1,0
"940",0,1,0,1,1,0,0,1,0,1,0,1,1,0,0,1,1,0,0,1,0,1,0,1
"941",0,1,1,0,0,1,1,0,0,1,1,0,1,0,1,0,0,1,1,0,0,1,1,0
"942",0,1,1,0,1,0,1,0,1,0,0,1,0,1,0,1,1,0,1,0,0,1,1,0
"943",1,0,1,0,1,0,0,1,0,1,1,0,1,0,0,1,0,1,0,1,0,1,1,0
"944",1,0,0,1,0,1,0,1,0,1,1,0,0,1,1,0,0,1,1,0,1,0,1,0
"945",1,0,0,1,0,1,1,0,1,0,1,0,1,0,1,0,0,1,1,0,0,1,0,1
"946",0,1,0,1,0,1,0,1,1,0,1,0,1,0,0,1,0,1,0,1,0,1,0,1
"947",0,1,0,1,1,0,0,1,0,1,0,1,0,1,1,0,0,1,1,0,0,1,0,1
"948",1,0,0,1,1,0,0,1,1,0,0,1,1,0,1,0,1,0,0,1,0,1,1,0
"949",0,1,0,1,0,1,0,1,1,0,0,1,1,0,1,0,0,1,1,0,0,1,0,1
"950",1,0,0,1,0,1,0,1,1,0,0,1,1,0,0,1,0,1,1,0,1,0,0,1
"951",1,0,0,1,1,0,1,0,0,1,1,0,1,0,0,1,0,1,1,0,1,0,0,1
"952",1,0,1,0,1,0,0,1,0,1,1,0,0,1,0,1,1,0,0,1,0,1,0,1
"953",0,1,1,0,1,0,0,1,1,0,1,0,0,1,0,1,0,1,1,0,1,0,0,1
"954",0,1,1,0,0,1,1,0,1,0,0,1,1,0,1,0,0,1,0,1,0,1,1,0
"955",1,0,0,1,1,0,0,1,0,1,1,0,0,1,1,0,0,1,0,1,1,0,1,0
"956",0,1,0,1,1,0,1,0,1,0,0,1,0,1,1,0,1,0,0,1,0,1,1,0
"957",1,0,0,1,1,0,1,0,1,0,1,0,1,0,0,1,0,1,1,0,0,1,1,0
"958",1,0,0,1,0,1,1,0,1,0,1,0,0,1,1,0,1,0,1,0,1,0,1,0
"959",0,1,1,0,0,1,0,1,1,0,1,0,1,0,1,0,0,1,0,1,0,1,0,1
"960",1,0,0,1,0,1,1,0,1,0,0,1,1,0,0,1,1,0,0,1,0,1,1,0
"961",1,0,1,0,0,1,1,0,1,0,0,1,0,1,0,1,1,0,1,0,0,1,1,0
"962",0,1,1,0,1,0,1,0,1,0,1,0,0,1,1,0,1,0,0,1,1,0,1,0
"963",0,1,1,0,1,0,0,1,1,0,1,0,0,1,1,0,1,0,1,0,1,0,1,0
"964",0,1,1,0,0,1,0,1,1,0,1,0,1,0,0,1,1,0,1,0,1,0,0,1
"965",1,0,1,0,0,1,1,0,0,1,1,0,1,0,1,0,1,0,0,1,1,0,1,0
"966",1,0,0,1,1,0,1,0,1,0,1,0,0,1,1,0,1,0,0,1,1,0,1,0
"967",1,0,1,0,0,1,0,1,0,1,0,1,0,1,0,1,0,1,0,1,0,1,0,1
"968",1,0,0,1,1,0,1,0,1,0,1,0,0,1,1,0,0,1,0,1,0,1,1,0
"969",1,0,0,1,0,1,1,0,0,1,1,0,0,1,1,0,0,1,0,1,1,0,0,1
"970",0,1,0,1,1,0,0,1,0,1,1,0,1,0,0,1,1,0,0,1,0,1,0,1
"971",1,0,1,0,1,0,1,0,0,1,0,1,0,1,0,1,0,1,0,1,1,0,0,1
"972",1,0,0,1,0,1,1,0,0,1,0,1,1,0,0,1,0,1,1,0,1,0,0,1
"973",1,0,0,1,1,0,1,0,0,1,0,1,1,0,1,0,0,1,0,1,0,1,1,0
"974",0,1,0,1,0,1,0,1,0,1,1,0,0,1,1,0,0,1,0,1,0,1,0,1
"975",0,1,0,1,1,0,0,1,0,1,0,1,0,1,0,1,1,0,1,0,0,1,0,1
"976",1,0,1,0,0,1,0,1,0,1,1,0,1,0,1,0,1,0,0,1,1,0,1,0
"977",0,1,1,0,0,1,0,1,0,1,0,1,1,0,0,1,1,0,1,0,1,0,1,0
"978",0,1,1,0,0,1,0,1,0,1,1,0,0,1,0,1,0,1,1,0,1,0,0,1
"979",0,1,0,1,0,1,1,0,0,1,1,0,1,0,1,0,1,0,0,1,0,1,0,1
"980",1,0,0,1,1,0,1,0,0,1,1,0,1,0,0,1,1,0,0,1,1,0,0,1
"981",1,0,1,0,0,1,1,0,0,1,1,0,0,1,0,1,1,0,1,0,0,1,1,0
"982",1,0,0,1,0,1,1,0,1,0,1,0,1,0,0,1,1,0,0,1,0,1,0,1
"983",1,0,1,0,0,1,1,0,1,0,1,0,0,1,1,0,1,0,0,1,1,0,1,0
"984",1,0,1,0,1,0,0,1,0,1,1,0,0,1,1,0,0,1,1,0,0,1,1,0
"985",1,0,0,1,0,1,1,0,0,1,0,1,1,0,0,1,0,1,1,0,0,1,0,1
"986",0,1,0,1,0,1,1,0,1,0,1,0,0,1,1,0,0,1,1,0,0,1,1,0
"987",1,0,0,1,0,1,1,0,0,1,0,1,0,1,0,1,1,0,1,0,0,1,0,1
"988",0,1,0,1,1,0,0,1,1,0,0,1,0,1,1,0,1,0,1,0,1,0,1,0
"989",0,1,0,1,1,0,0,1,1,0,1,0,0,1,0,1,1,0,0,1,0,1,0,1
"990",1,0,0,1,0,1,0,1,1,0,0,1,0,1,0,1,0,1,0,1,0,1,0,1
"991",1,0,1,0,1,0,0,1,0,1,1,0,0,1,1,0,1,0,1,0,1,0,1,0
"992",1,0,1,0,1,0,0,1,1,0,0,1,0,1,0,1,1,0,1,0,0,1,1,0
"993",1,0,1,0,1,0,0,1,0,1,0,1,0,1,0,1,1,0,0,1,1,0,1,0
"994",0,1,0,1,0,1,1,0,1,0,1,0,1,0,1,0,1,0,0,1,1,0,1,0
"995",1,0,0,1,1,0,0,1,1,0,1,0,1,0,1,0,1,0,0,1,0,1,1,0
"996",1,0,1,0,1,0,0,1,1,0,1,0,0,1,1,0,1,0,1,0,1,0,1,0
"997",1,0,0,1,0,1,0,1,1,0,0,1,1,0,0,1,0,1,1,0,0,1,0,1
"998",1,0,1,0,1,0,0,1,1,0,1,0,1,0,0,1,1,0,0,1,0,1,0,1
"999",0,1,1,0,0,1,0,1,1,0,1,0,0,1,1,0,1,0,0,1,0,1,0,1
"1000",1,0,0,1,1,0,1,0,0,1,0,1,0,1,1,0,0,1,0,1,0,1,0,1
